TITRE,DESCRIPTION,PRIX,CODE_DEVISE,QUANTITÉ,TAGS,MATÉRIAUX,"IMAGE 1","IMAGE 2","IMAGE 3","IMAGE 4","IMAGE 5","IMAGE 6","IMAGE 7","IMAGE 8","IMAGE 9","IMAGE 10","TYPE VARIATION 1","NOM VARIATION 1","VALEURS VARIATION 1","TYPE VARIATION 2","NOM VARIATION 2","VALEURS VARIATION 2","TYPE VARIATION 3","NOM VARIATION 3","VALEURS VARIATION 3",RÉFÉRENCE
"Malle de rangement artisanal en osier – Panier fibres naturelles et déco bohème","**PRECOMMANDE - Expédition rapide dès réception**
Apportez une touche chaleureuse et authentique à votre intérieur avec cette malle de rangement artisanale en osier, tressée à la main par des artisans marocains à partir de fibres naturelles de palmier. Pratique et décorative, elle s’intègre parfaitement dans un univers bohème, naturel ou rustique.

🌿 Polyvalente et décorative
Grâce à son grand volume et son style artisanal, cette malle offre de nombreuses possibilités d’usage :
- Panier à jouets dans une chambre d’enfant ou une salle de jeux
- Coffre à linge pour la chambre ou la salle de bain
- Rangement pour plaids, coussins ou textiles dans un salon cosy
- Coffre de souvenirs pour conserver avec soin vos objets les plus précieux
- Panier de rangement d’appoint dans une entrée ou sur une terrasse couverte

Dotée de poignées latérales solides, elle est facile à déplacer. Son couvercle léger, renforcé et pratique, se referme avec deux jolis crochets en osier, pour garder vos affaires à l’abri tout en décorant avec style.

✨ Un rangement durable et naturel
Fabriqué en feuilles de palmier tressées à la main, ce panier est une belle alternative écologique aux coffres de rangement industriels. Chaque pièce est unique et peut présenter de subtiles variations de teinte ou de forme, témoignant de sa fabrication artisanale.

📏 Dimensions approximatives (modèle simple):
- Largeurs disponibles : 25 cm, 40 cm, 50cm, 60 cm ou 80 cm / 9.84 pouces, 15.74 pouces, 19.68 pouces, 23.62 pouces ou 31.49 pouces
- Hauteur : 35 cm (13.77 pouces) pour tous les modèles, sauf pour la version 25 cm (9.84 pouces) de large dont la hauteur est de 20 cm (7.87 pouces)
📏 Dimensions approximatives (modèle avec bandoulière):
- Largeur : 35 cm / 13.77 pouces
- Hauteur : 25 cm / 9.84 pouces
📏 Dimensions approximatives (modèle avec anses):
- Largeur : 45 cm / 17.71 pouces
- Hauteur : 30 cm / 11.81 pouces

📦 Livraison rapide à domicile
Une fois votre commande validée, merci de m’indiquer vos coordonnées ainsi que le point relais souhaité pour une expédition rapide. Vous pouvez aussi l’ajouter en commentaire de commande.

💌 Envie d’un tabouret sur mesure ?
Contactez-moi pour avoir des photos supplémentaires ou dimensions personnalisées !",20,EUR,35,"malle_de_rangement,panier_en_osier,déco_bohème,rangement_naturel,coffre_en_fibres_naturelles,rangement_artisanal,malle_osier_bohème,coffre_bohème_chic,Cadeaux,Malle_de_rangement_en_osier,Panier_à_linge,Panier,rangement_écologique",Osier,https://i.etsystatic.com/35406440/r/il/eb42ae/7575991261/il_fullxfull.7575991261_gj5l.jpg,https://i.etsystatic.com/35406440/r/il/b6893f/7528049792/il_fullxfull.7528049792_q4vu.jpg,https://i.etsystatic.com/35406440/r/il/882736/7575988679/il_fullxfull.7575988679_9b70.jpg,https://i.etsystatic.com/35406440/r/il/956b68/7528049796/il_fullxfull.7528049796_n526.jpg,https://i.etsystatic.com/35406440/r/il/e0a112/7575988641/il_fullxfull.7575988641_emtd.jpg,https://i.etsystatic.com/35406440/r/il/f85b29/7575988675/il_fullxfull.7575988675_3zcc.jpg,https://i.etsystatic.com/35406440/r/il/5e3b98/7528049762/il_fullxfull.7528049762_7mpv.jpg,https://i.etsystatic.com/35406440/r/il/00dd37/7528060784/il_fullxfull.7528060784_s22r.jpg,,,"Propriété personnalisée",Largeur,"25 cm,35 cm - bandoulière,40 cm,45 cm - deux anses,50 cm,60 cm,80 cm",,,,,,,
"Trophée Mural Tête de Taureau en Paille Tressée - Décoration Murale Bohème Artisanale - Sculpture Animale Naturelle","**PRECOMMANDE - Expédition rapide dès réception**

Apportez une touche authentique et naturelle à votre intérieur avec cette superbe tête de taureau en paille tressée à la main. Son design artisanal unique et sa texture en fibres naturelles en font une pièce de décoration murale exceptionnelle, parfaite pour une ambiance bohème, rustique, ethnique ou même scandinave.

🌿 Une décoration murale originale et captivante
- Idéale pour : Embellir un salon, une chambre, une entrée accueillante ou un bureau. Elle crée un point focal artistique et chaleureux.
- Style polyvalent : Parfaite pour insuffler un esprit campagne chic, bohème, méditerranéen ou ajouter une touche d'originalité à votre décor.
- Pièce maîtresse artisanale : Une œuvre d'art qui attire l’œil, donne du caractère et une âme à votre intérieur, reflétant un savoir-faire ancestral.

✨ Artisanat authentique et matériaux 100% naturels
Chaque trophée mural est fabriqué à la main avec du palmier tressé, un matériau durable et écologique. Cela rend chaque pièce absolument unique, avec ses légères variations de teinte, de texture et de forme, témoignant du travail manuel et de l'authenticité du produit.

📏 Dimensions approximatives :
- Largeur : 20cm / 7,87 pouces
- Hauteur : 35 cm / 13,77 pouces

📦 Livraison en point relais
Dès validation de votre commande, merci de me transmettre vos coordonnées ainsi que le point relais souhaité pour une expédition rapide. Vous pouvez également ajouter ces informations dans les commentaires de votre commande.

Vous souhaitez une autre taille ou un modèle sur mesure ? Contactez-moi ! 😊",45,EUR,4,"Trophée_mural,Tête_de_taureau,Paille_tressée,Décoration_bohème,Artisanat_marocain,Décoration_murale,Fibre_naturelle,Sculpture_animale,Style_rustique,Déco_ethnique,Fait_main,Cadeau_original,Décoration_intérieure","Métal,Bois",https://i.etsystatic.com/35406440/r/il/fe97e8/7894522209/il_fullxfull.7894522209_tuxk.jpg,https://i.etsystatic.com/35406440/r/il/4236e5/7846563092/il_fullxfull.7846563092_kawg.jpg,https://i.etsystatic.com/35406440/r/il/89df5a/7894521365/il_fullxfull.7894521365_frnf.jpg,https://i.etsystatic.com/35406440/r/il/e87597/7846563098/il_fullxfull.7846563098_a4l9.jpg,https://i.etsystatic.com/35406440/r/il/961ad1/7846563064/il_fullxfull.7846563064_rsis.jpg,,,,,,,,,,,,,,,
"Trophée Mural Tête d'Âne en Paille Tressée - Décoration Murale Bohème Artisanale - Sculpture Animale Naturelle","**PRECOMMANDE - Expédition rapide dès réception**

Apportez une touche authentique et naturelle à votre intérieur avec cette superbe tête d'âne en paille tressée à la main. Son design artisanal unique et sa texture en fibres naturelles en font une pièce de décoration murale exceptionnelle, parfaite pour une ambiance bohème, rustique, ethnique ou même scandinave.

🌿Une décoration murale originale et captivante
- Idéale pour : Embellir un salon, une chambre d'enfant, une entrée accueillante ou un bureau. Elle crée un point focal artistique et chaleureux.
- Style polyvalent : Parfaite pour insuffler un esprit campagne chic, bohème, méditerranéen ou ajouter une touche d'originalité à votre décor.
- Pièce maîtresse artisanale : Une œuvre d'art qui attire l’œil, donne du caractère et une âme à votre intérieur, reflétant un savoir-faire ancestral.

✨ Artisanat authentique et matériaux 100% naturels
Chaque trophée mural est fabriqué à la main avec du palmier tressé, un matériau durable et écologique. Cela rend chaque pièce absolument unique, avec ses légères variations de teinte, de texture et de forme, témoignant du travail manuel et de l'authenticité du produit.

📏 Dimensions approximatives :
- Largeur : 10cm / 3,93 pouces
- Hauteur : 45 cm / 17,71 pouces

📦 Livraison en point relais
Dès validation de votre commande, merci de me transmettre vos coordonnées ainsi que le point relais souhaité pour une expédition rapide. Vous pouvez également ajouter ces informations dans les commentaires de votre commande.

Vous souhaitez une autre taille ou un modèle sur mesure ? Contactez-moi ! 😊",35,EUR,2,"Trophée_mural,Tête_d'âne,Paille_tressée,Décoration_bohème,Artisanat_marocain,Décoration_murale,Fibre_naturelle,Sculpture_animale,Style_rustique,Déco_ethnique,Fait_main,Cadeau_original,Décoration_intérieure",Paille,https://i.etsystatic.com/35406440/r/il/3c89ff/7174153052/il_fullxfull.7174153052_da9x.jpg,https://i.etsystatic.com/35406440/r/il/1b63d2/7102090129/il_fullxfull.7102090129_6f53.jpg,https://i.etsystatic.com/35406440/r/il/eed798/7021947155/il_fullxfull.7021947155_up8y.jpg,https://i.etsystatic.com/35406440/r/il/9008b9/7021947203/il_fullxfull.7021947203_49m2.jpg,https://i.etsystatic.com/35406440/r/il/91a12a/7021947237/il_fullxfull.7021947237_po4e.jpg,https://i.etsystatic.com/35406440/r/il/05d73e/6973963310/il_fullxfull.6973963310_eobt.jpg,,,,,,,,,,,,,,
"Trophée mural tête de renne en paille tressée – Déco bohème et artisanale","**PRECOMMANDE - Expédition rapide dès réception**
Apportez une touche authentique et naturelle à votre intérieur avec cette superbe tête de renne en paille tressée à la main. Son design artisanal et sa texture en fibres naturelles en font une pièce de décoration unique, parfaite pour une ambiance bohème, rustique ou ethnique.

🌿 Une décoration murale originale
- Idéale pour une décoration murale dans un salon, une chambre ou une entrée.
- Parfaite pour créer un esprit campagne chic, bohème ou méditerranéen.
- Une pièce artisanale qui attire l’œil et donne du caractère à votre intérieur.

✨ Artisanat et matériaux naturels
Chaque trophée mural est fabriqué à la main avec du palmier tressé, rendant chaque pièce unique avec ses légères variations de teinte et de texture.

📏 Dimensions approximatives :
- Largeur : 20cm / 7,87 pouces
- Hauteur : 40 cm / 15,74 pouces

📦 Livraison en point relais
Dès validation de votre commande, merci de me transmettre vos coordonnées ainsi que le point relais souhaité pour une expédition rapide. Vous pouvez également ajouter ces informations dans les commentaires de votre commande.

Vous souhaitez une autre taille ou un modèle sur mesure ? Contactez-moi ! 😊",35,EUR,3,"Trophée_mural,Déco_bohème,Artisanat_marocain,Suspension_murale,Décoration_naturelle,Déco_ethnique,Objet_en_fibres_naturelles,Tête_de_renne_déco,Tête_de_renne_en_paille,Esprit_campagne_chic,Décoration_murale_rustique,Trophée_animal_en_paille,Déco_écoresponsable",Paille,https://i.etsystatic.com/35406440/r/il/960806/6973988334/il_fullxfull.6973988334_kzze.jpg,https://i.etsystatic.com/35406440/r/il/2291d9/6973831832/il_fullxfull.6973831832_bmsk.jpg,https://i.etsystatic.com/35406440/r/il/9050d5/6973831852/il_fullxfull.6973831852_pjvr.jpg,https://i.etsystatic.com/35406440/r/il/dff836/7021815959/il_fullxfull.7021815959_aadl.jpg,https://i.etsystatic.com/35406440/r/il/c3d129/7021815977/il_fullxfull.7021815977_o4ey.jpg,https://i.etsystatic.com/35406440/r/il/ae75e6/7021815989/il_fullxfull.7021815989_ity4.jpg,https://i.etsystatic.com/35406440/r/il/9c9a65/7021816085/il_fullxfull.7021816085_rukl.jpg,https://i.etsystatic.com/35406440/r/il/d36b37/6973831850/il_fullxfull.6973831850_fux3.jpg,,,,,,,,,,,,
"Suspension Demi-Boule Feuille de Palmier - Luminaire Naturel Bohème - Abat-jour Artisanal Osier Fait Main","**PRECOMMANDE - Expédition rapide dès réception**

🌿 Une suspension élégante et chaleureuse pour une ambiance douce
Apportez une atmosphère douce et naturelle à votre intérieur avec cette magnifique suspension en forme de demi-sphère, entièrement tressée à la main à partir de feuilles de palmier. Son tressage dense et régulier diffuse une lumière chaleureuse et tamisée, créant une ambiance apaisante, parfaite pour un intérieur bohème, minimaliste, méditerranéen ou scandinave.

✨ Un luminaire artisanal polyvalent et éco-responsable
Avec sa silhouette douce et sa matière brute, cette suspension s’adapte harmonieusement à toutes les pièces de votre maison :
- Salle à manger : Accrochée au-dessus d’une table, elle crée un effet cocon et convivial, idéal pour les repas en famille ou entre amis.
- Salon ou coin lecture : Elle offre une lumière douce et naturelle, parfaite pour des moments de détente et de sérénité.
- Entrée ou chambre : Ajoute une touche décorative éthique et chaleureuse, accueillant vos invités ou créant une atmosphère propice au repos.
- Terrasse couverte : Pour un extérieur au charme bohème et méditerranéen (attention : éviter le contact direct avec la pluie pour préserver le matériau).

📏 Dimensions approximatives (Diamètre)
- 30 cm / 11,81 pouces
- 40 cm / 15,75 pouces
- 50 cm / 19,68 pouces
Les dimensions et les couleurs peuvent légèrement varier en raison du travail manuel.

💡 Douille et câble non inclus, mais compatibles avec tout kit électrique standard.

🌍 Un produit éthique et fait main
Chaque suspension est réalisée artisanalement au Maroc, selon un savoir-faire ancestral. Les feuilles de palmier utilisées sont locales, biodégradables et durables. Une vraie alternative écologique aux luminaires industriels.

🧼 Conseils d’entretien
- Dépoussiérer avec un chiffon sec ou une brosse douce
- Éviter l’humidité prolongée et le plein soleil direct

📦 Livraison rapide en point relais
Une fois votre commande validée, merci de m’indiquer vos coordonnées ainsi que le point relais souhaité pour une expédition rapide. Vous pouvez aussi l’ajouter en commentaire de commande.

💌 Envie d’un tabouret sur mesure ?
Contactez-moi pour choisir vos couleurs ou dimensions personnalisées !",49.02,EUR,10,"Suspension_luminaire,Feuille_de_palmier,Fait_main,Abat-jour_artisanal,Luminaire_bohème,Décoration_naturelle,Artisanat_marocain,Suspension_demi-boule,Éclairage_intérieur,Style_ethnique,Fibre_naturelle,Cadeau_unique,Déco_durable",Rotin,https://i.etsystatic.com/35406440/r/il/c46912/7826614312/il_fullxfull.7826614312_2rqy.jpg,https://i.etsystatic.com/35406440/r/il/df28cf/7874557385/il_fullxfull.7874557385_mf9g.jpg,https://i.etsystatic.com/35406440/r/il/709991/7826608440/il_fullxfull.7826608440_2pbj.jpg,https://i.etsystatic.com/35406440/r/il/c1ef8d/7826608788/il_fullxfull.7826608788_mvuj.jpg,https://i.etsystatic.com/35406440/r/il/f79176/7826608470/il_fullxfull.7826608470_hgf2.jpg,https://i.etsystatic.com/35406440/r/il/905fdf/7826608394/il_fullxfull.7826608394_3d6z.jpg,https://i.etsystatic.com/35406440/r/il/b77850/7874557535/il_fullxfull.7874557535_rfra.jpg,,,,"Propriété personnalisée",Diam&egrave;tre,"30cm,40cm,50cm",,,,,,,
"Lot de 3 paniers en osier naturel – Rangement décoratif artisanal – Paniers faits main","**PRECOMMANDE - Expédition rapide dès réception**

🌿 Un lot de paniers naturels pour une déco bohème et chaleureuse
Apportez une touche authentique et végétale à votre intérieur avec ce superbe lot de 3 paniers en osier naturel, entièrement tressés à la main par des artisans. Leur texture brute et leur finition généreuse en fibres naturelles en font des pièces décoratives fortes, parfaites pour sublimer une décoration bohème, ethnique, naturelle ou méditerranéenne.

✨ Des paniers multifonctions et élégants
À la fois décoratifs et pratiques, ces paniers s’adaptent à toutes vos envies :
- Cache-pots pour vos plantes d’intérieur
- Rangement pour plaids, jouets, linge ou magazines
- Paniers déco dans une entrée, un salon ou une chambre
- Accessoires bohèmes pour une ambiance naturelle et chaleureuse

Leur trio de tailles permet une composition harmonieuse et modulable dans toute la maison.

📏 Dimensions approximatives (lot de 3)
Les dimensions peuvent légèrement varier en raison du travail artisanal ( hauteur x diamétre) :
- Petit panier (15x20cm/5,90x7,87 pouces) : idéal pour petites plantes ou rangement d’appoint
- Moyen panier (20x25cm/7,87x9,84 pouces) : parfait en cache-pot ou panier déco
- Grand panier (30x30cm/11,81x11,81 pouces) : pour plaids, jouets ou grosses plantes

🧵 Un savoir-faire artisanal et écoresponsable
Chaque panier est tressé à la main à partir de fibres naturelles, dans le respect des traditions artisanales. Ce produit est une alternative durable et écologique aux rangements industriels. Chaque pièce est unique.

🧼 Conseil d’entretien : Nettoyer délicatement avec un chiffon sec ou légèrement humide. Ne pas immerger.

📦 Livraison rapide en point relais
Une fois votre commande validée, merci de m’indiquer vos coordonnées ainsi que le point relais souhaité pour une expédition rapide. Vous pouvez aussi l’ajouter en commentaire de commande.

💌 Envie d’un tabouret sur mesure ?
Contactez-moi pour adapter ce panier selon vos envies !",90,EUR,1,"lot_paniers_osier,panier_bohème_déco,cache_pot_osier,panier_rangement_naturel,panier_artisanal,déco_bohème_maison,panier_fibres_naturelles,panier_plante_intérieur,rangement_bohème,panier_fait_main,panier_décoration,déco_naturelle_intérieur,panier_ethnique",Osier,https://i.etsystatic.com/35406440/r/il/a376e7/7588223205/il_fullxfull.7588223205_lzd0.jpg,https://i.etsystatic.com/35406440/r/il/eab56f/7540283188/il_fullxfull.7540283188_a7sy.jpg,https://i.etsystatic.com/35406440/r/il/c55b7e/7588223221/il_fullxfull.7588223221_hlfo.jpg,https://i.etsystatic.com/35406440/r/il/dcfcca/7588223203/il_fullxfull.7588223203_2gpd.jpg,https://i.etsystatic.com/35406440/r/il/7d52c2/7540283192/il_fullxfull.7540283192_5k18.jpg,,,,,,,,,,,,,,,
"Lot de 3 paniers en osier naturel – Rangement décoratif artisanal faits main","**PRECOMMANDE - Expédition rapide dès réception**

🌿 Un lot de paniers naturels pour une déco bohème et chaleureuse
Apportez une touche authentique et végétale à votre intérieur avec ce superbe lot de 3 paniers en osier naturel, entièrement tressés à la main par des artisans. Leur texture brute et leur finition généreuse en fibres naturelles en font des pièces décoratives fortes, parfaites pour sublimer une décoration bohème, ethnique, naturelle ou méditerranéenne.

✨ Des paniers multifonctions et élégants
À la fois décoratifs et pratiques, ces paniers s’adaptent à toutes vos envies :
- Cache-pots pour vos plantes d’intérieur
- Rangement pour plaids, jouets, linge ou magazines
- Paniers déco dans une entrée, un salon ou une chambre
- Accessoires bohèmes pour une ambiance naturelle et chaleureuse

Leur trio de tailles permet une composition harmonieuse et modulable dans toute la maison.

📏 Dimensions approximatives (lot de 3)
Les dimensions peuvent légèrement varier en raison du travail artisanal ( hauteur x diamétre) :
- Petit panier (15x20cm/5,90x7,87 pouces) : idéal pour petites plantes ou rangement d’appoint
- Moyen panier (20x25cm/7,87x9,84 pouces) : parfait en cache-pot ou panier déco
- Grand panier (30x30cm/11,81x11,81 pouces) : pour plaids, jouets ou grosses plantes

🧵 Un savoir-faire artisanal et écoresponsable
Chaque panier est tressé à la main à partir de fibres naturelles, dans le respect des traditions artisanales. Ce produit est une alternative durable et écologique aux rangements industriels. Chaque pièce est unique.

🧼 Conseil d’entretien : Nettoyer délicatement avec un chiffon sec ou légèrement humide. Ne pas immerger.

📦 Livraison rapide en point relais
Une fois votre commande validée, merci de m’indiquer vos coordonnées ainsi que le point relais souhaité pour une expédition rapide. Vous pouvez aussi l’ajouter en commentaire de commande.

💌 Envie d’un tabouret sur mesure ?
Contactez-moi pour adapter ce panier selon vos envies !",90,EUR,1,"lot_paniers_osier,panier_bohème_déco,cache_pot_osier,panier_rangement_naturel,panier_artisanal,déco_bohème_maison,panier_fibres_naturelles,panier_plante_intérieur,rangement_bohème,panier_fait_main,panier_décoration,déco_naturelle_intérieur,panier_ethnique",Osier,https://i.etsystatic.com/35406440/r/il/c62eab/7540296012/il_fullxfull.7540296012_csx5.jpg,https://i.etsystatic.com/35406440/r/il/2b033e/7588236285/il_fullxfull.7588236285_empa.jpg,https://i.etsystatic.com/35406440/r/il/334ce2/7588236295/il_fullxfull.7588236295_8v4b.jpg,https://i.etsystatic.com/35406440/r/il/cd1ee4/7540296026/il_fullxfull.7540296026_gz6i.jpg,https://i.etsystatic.com/35406440/r/il/d85759/7588236301/il_fullxfull.7588236301_nk73.jpg,https://i.etsystatic.com/35406440/r/il/8d2961/7540296004/il_fullxfull.7540296004_md58.jpg,,,,,,,,,,,,,,
"Tabouret marocain en bois et corde vert – Meuble artisanal bohème, assise déco tissée à la main","**PRECOMMANDE - Expédition rapide dès réception**

🌿 Apportez une touche naturelle et bohème à votre intérieur
Craquez pour ce magnifique tabouret marocain fait main, tissé avec soin en corde vert sur une structure en bois brut. Son style minimaliste et authentique en fait une pièce élégante, parfaite pour sublimer une déco naturelle, bohème, rustique ou ethnique.

✨ Un meuble artisanal et multifonction
Ce tabouret est à la fois pratique et décoratif :
- Assise d’appoint : Parfait dans une entrée, un salon ou une chambre.
- Repose-pieds confortable : Idéal à placer près d’un fauteuil ou d’un canapé.
- Support déco : Mettez en valeur vos plantes, paniers ou objets préférés.
- Mobilier enfant : Sa légèreté et sa taille conviennent aussi aux plus petits.

📏 Dimensions approximatives :
- Hauteur : 30 cm / 11,81 pouces
- Largeur : 30 x 30 cm / 11,81 x 11,81 pouces

Chaque pièce étant réalisée à la main, les dimensions peuvent légèrement varier, ajoutant à leur unicité et leur charme.

🌍 Une pièce éthique et durable
Ce tabouret est le fruit du travail d’artisans marocains qui perpétuent un savoir-faire ancestral. Fabriqué à partir de bois brut non traité et de corde solide, il est à la fois robuste, écoresponsable et esthétique.

🧼 Conseils d’entretien
Nettoyez avec un chiffon sec. Évitez toute exposition prolongée à l’humidité et au soleil direct afin de préserver ses couleurs et sa forme.

📦 Livraison rapide en point relais
Dès validation de votre commande, merci de me transmettre vos coordonnées ainsi que le point relais souhaité pour une expédition sans attente. Vous pouvez aussi mentionner ces informations dans les commentaires de votre commande.

💌 Envie d’un tabouret sur mesure ?
Contactez-moi pour choisir vos couleurs ou dimensions personnalisées !",39.9,EUR,4,"Tabouret_marocain,Tabouret_artisanal,Tabouret_en_bois,Tabouret_bohème,Meuble_déco_ethnique,Tabouret_fait_main,Repose-pieds_artisanal,Tabouret_enfant_bois,Tabouret_paille_corde,Petit_tabouret_déco,Mobilier_enfants,Tabouret_naturel,Meuble_dappoint_bohème","Bois,Corde,Corde Kaki",https://i.etsystatic.com/35406440/r/il/4a8f70/6949746499/il_fullxfull.6949746499_samr.jpg,https://i.etsystatic.com/35406440/r/il/19f980/6949745167/il_fullxfull.6949745167_g3cd.jpg,https://i.etsystatic.com/35406440/r/il/04e5c2/6949745353/il_fullxfull.6949745353_kqio.jpg,https://i.etsystatic.com/35406440/r/il/f17b1e/6949745159/il_fullxfull.6949745159_qa9c.jpg,https://i.etsystatic.com/35406440/r/il/c64bfd/6901773124/il_fullxfull.6901773124_1z6c.jpg,https://i.etsystatic.com/35406440/r/il/58415c/6901773134/il_fullxfull.6901773134_kxrl.jpg,https://i.etsystatic.com/35406440/r/il/321634/6901773352/il_fullxfull.6901773352_1x4l.jpg,https://i.etsystatic.com/35406440/r/il/e5c08c/6901773136/il_fullxfull.6901773136_cxjg.jpg,https://i.etsystatic.com/35406440/r/il/ec1731/6901773338/il_fullxfull.6901773338_3zjo.jpg,,,,,,,,,,,
"Sac cabas en paille brodée de sequins gris – Anses cuir et fermeture filet – Artisanat marocain chic et bohème","**PRECOMMANDE - Expédition rapide dès réception**

🌿 Un sac cabas artisanal aux mille éclats
Craquez pour ce superbe sac en paille tressée à la main, entièrement brodé de sequins argentées et dorées qui captent la lumière à chaque mouvement. Véritable bijou d’artisanat marocain, il est à la fois pratique, résistant et unique en son genre. Ses anses solides en cuir véritable cousues à la main lui assurent un confort optimal pour une utilisation quotidienne ou en vacances.

✨ Un cabas chic, coloré et fonctionnel
Ce sac est le compagnon idéal pour toutes vos escapades :
- À la plage : spacieux et stylé, il accueille serviettes, crèmes et lecture
- En ville : une touche bohème et pétillante à toutes vos tenues
- Pour le marché : pratique et léger, il vous suit partout
- En décoration : sublime comme rangement pour des plaids, coussins ou magazines
Il est doublé d’un filet avec fermeture à cordon pour garder vos affaires en sécurité.

📏 Dimensions généreuses : Suffisamment grand pour accueillir tout ce dont vous avez besoin ( serviettes, portefeuille, courses, bouquin, etc.), 45 cm de largeur / 17,71 pouces x 30 cm de hauteur / 11,81 pouces.

🧵 Un savoir-faire traditionnel au service du style
Chaque pièce est réalisée à la main au Maroc avec amour et précision. Le tressage en feuilles de palmier, la broderie de sequins et les finitions en cuir en font un accessoire à la fois éthique, durable et irrésistible.

🧼 Conseil d’entretien : Nettoyer délicatement avec un chiffon sec ou légèrement humide. Ne pas immerger.

📦 Livraison rapide en point relais
Une fois votre commande validée, merci de m’indiquer vos coordonnées ainsi que le point relais souhaité pour une expédition rapide. Vous pouvez aussi l’ajouter en commentaire de commande.

💌 Envie d’un tabouret sur mesure ?
Contactez-moi pour adapter ce panier selon vos envies !",54.4,EUR,4,"sac_cabas_en_paille,sac_paille_sequins,panier_plage_bohème,sac_artisanal_marocain,sac_cabas_gris,sac_en_paille_anses_cuir,panier_de_plage_chic,sac_bohème_été,cabas_grande_capacité,sac_tressé_à_la_main,cabas_bohème_multicolore,sac_ethnique_femme,panier_rangement_déco","Peau de vache,Paille,Rotin",https://i.etsystatic.com/35406440/r/il/e4aeee/8075405283/il_fullxfull.8075405283_8euj.jpg,https://i.etsystatic.com/35406440/r/il/057bd8/7584029559/il_fullxfull.7584029559_l05e.jpg,https://i.etsystatic.com/35406440/r/il/e36848/7570864086/il_fullxfull.7570864086_spj2.jpg,https://i.etsystatic.com/35406440/r/il/d9d1d7/7584029659/il_fullxfull.7584029659_3m8e.jpg,https://i.etsystatic.com/35406440/r/il/88b792/7584029555/il_fullxfull.7584029555_1wft.jpg,https://i.etsystatic.com/35406440/r/il/acd45d/7536087608/il_fullxfull.7536087608_bpfi.jpg,https://i.etsystatic.com/35406440/r/il/04ae19/7584029567/il_fullxfull.7584029567_1gnp.jpg,https://i.etsystatic.com/35406440/r/il/41672f/7693043484/il_fullxfull.7693043484_lerk.jpg,https://i.etsystatic.com/35406440/r/il/c3aef9/7098982415/il_fullxfull.7098982415_lmgd.jpg,https://i.etsystatic.com/35406440/r/il/bb30a3/7584029563/il_fullxfull.7584029563_qftw.jpg,"Propriété personnalisée","Couleur des paillettes","Paillettes argentées,Paillettes dorées",,,,,,,
"Panier en paille tressée avec anses cuir – Cabas bohème chic – Sac d’été artisanal fait main","**PRECOMMANDE - Expédition rapide dès réception**

🌿 Élégant, naturel et pratique, ce superbe panier en paille ajourée tressé à la main est l’accessoire parfait pour vos sorties estivales, vos marchés du dimanche ou vos escapades à la plage. Doté de solides anses en cuir tressé et d’une doublure intérieure avec lien de serrage, il allie tradition artisanale et confort moderne.

✨ Un panier plein de charme et de caractère
🧵 Fabrication artisanale : Tressé à la main par des artisans marocains, chaque panier est une pièce unique.
🌾 Matériau naturel : Paille de palmier ajourée avec anses en cuir véritable tressé, pour un look bohème chic irrésistible.
📏 Dimensions généreuses : Grand format pour contenir toutes vos affaires (fruits, fleurs, serviette, livre…), 40 cm de largeur / 15,74 pouces x 20 cm de hauteur / 7,87 pouces.
🧺 Doublure pratique : Fermeture par lien coulissant pour sécuriser vos objets du quotidien.
💼 Multi-usages : Idéal comme sac à main d’été, cabas de marché, panier de rangement ou même objet de déco.

🧼 Conseil d’entretien : Nettoyage doux avec un chiffon sec ou légèrement humide. Ne pas laver en machine.

📦 Livraison rapide en point relais
Une fois votre commande validée, merci de m’indiquer vos coordonnées ainsi que le point relais souhaité pour une expédition rapide. Vous pouvez aussi l’ajouter en commentaire de commande.

💌 Envie d’un tabouret sur mesure ?
Contactez-moi pour adapter ce panier selon vos envies !",59.73,EUR,4,"panier_paille_tressée,cabas_bohème,sac_plage_paille,sac_été_naturel,panier_artisanal_marocain,sac_à_main_bohème,sac_en_osier_fait_main,cabas_en_paille,panier_marché,sac_paille_avec_cuir,panier_bohème_chic,accessoire_été_fait_main,sac_à_anses_cuir","Peau de vache,Paille,Rotin",https://i.etsystatic.com/35406440/r/il/69b95b/7027427365/il_fullxfull.7027427365_g6t4.jpg,https://i.etsystatic.com/35406440/r/il/e69ae2/7027427357/il_fullxfull.7027427357_lz37.jpg,https://i.etsystatic.com/35406440/r/il/680b69/6979448442/il_fullxfull.6979448442_o94b.jpg,https://i.etsystatic.com/35406440/r/il/3b8486/6979448438/il_fullxfull.6979448438_sxj8.jpg,https://i.etsystatic.com/35406440/r/il/4df807/7027427355/il_fullxfull.7027427355_2jb1.jpg,https://i.etsystatic.com/35406440/r/il/708755/7027427515/il_fullxfull.7027427515_5ply.jpg,https://i.etsystatic.com/35406440/r/il/cc7243/7027427521/il_fullxfull.7027427521_s6o7.jpg,https://i.etsystatic.com/35406440/r/il/1feb50/6979448414/il_fullxfull.6979448414_8g99.jpg,https://i.etsystatic.com/35406440/r/il/b62158/7027427527/il_fullxfull.7027427527_1igv.jpg,https://i.etsystatic.com/35406440/r/il/bb6eb7/6979448594/il_fullxfull.6979448594_34a6.jpg,,,,,,,,,,
"Lot de 2 set de table bohème tissé à la main – Fibres naturelles et pompons colorés","**PRECOMMANDE - Expédition rapide dès réception**
Ajoutez une touche artisanale et colorée à votre décoration de table avec ces magnifiques sets de table tissés à la main, confectionnés au Maroc à partir de fibres naturelles de palmier. Chaque pièce est ornée de pompons doux et élégants, apportant une note bohème et joyeuse à vos repas.

🌿 Pratiques et décoratifs
Ces sets de table bohèmes sont parfaits pour sublimer toutes vos occasions :
- Dîner en famille ou entre amis avec une ambiance naturelle et chaleureuse
- Décoration de table pour un évènement ou une fête au style champêtre
- Usage quotidien pour une table soignée et originale
- Accessoire déco dans une cuisine ou une salle à manger inspirée du sud

Chaque set est unique : les pompons sont cousus un à un à la main, dans des teintes douces qui s’harmonisent avec tous les intérieurs.

✨ Une création artisanale et naturelle
Fabriqués en fibres végétales tressées à la main, ces sets de table sont une alternative écologique et esthétique aux nappes ou sets industriels. De légères variations de teinte ou de tissage peuvent apparaître, signe d’un travail fait main et authentique.

📏 Dimensions approximatives :
- Longueur: 40 cm/15,7 pouces
- Largeur: 30 cm/11,81 pouces

📦 Livraison gratuite en point relais
Une fois votre commande validée, merci de m’indiquer vos coordonnées ainsi que le point relais souhaité pour une expédition rapide. Vous pouvez aussi l’ajouter en commentaire de commande.

Vous cherchez un autre format ou un modèle personnalisé ? N’hésitez pas à me contacter ! 😊",22.1,EUR,8,"Setdetablebohème,Décorationtableartisanale,FaitmainMaroc,Setdetableavecpompons,Fibresnaturelles,Déconaturelle,Pomponscolorés,Accessoiresdetable,Tissagetraditionnel,Setdetableethique,Décochampêtre,Tableecoresponsable,Tressagepalmier","Osier,Coton",https://i.etsystatic.com/35406440/r/il/b7ae8c/6842296516/il_fullxfull.6842296516_glba.jpg,https://i.etsystatic.com/35406440/r/il/6a6b24/6890251043/il_fullxfull.6890251043_6ld3.jpg,https://i.etsystatic.com/35406440/r/il/d38f36/6890250475/il_fullxfull.6890250475_6q6z.jpg,https://i.etsystatic.com/35406440/r/il/951fdf/6842275532/il_fullxfull.6842275532_l18b.jpg,https://i.etsystatic.com/35406440/r/il/5a7176/6842275880/il_fullxfull.6842275880_gfyp.jpg,https://i.etsystatic.com/35406440/r/il/2855ce/6890251945/il_fullxfull.6890251945_93wb.jpg,https://i.etsystatic.com/35406440/r/il/fa42ef/6842276524/il_fullxfull.6842276524_s9hk.jpg,https://i.etsystatic.com/35406440/r/il/754f57/6842277050/il_fullxfull.6842277050_bxog.jpg,https://i.etsystatic.com/35406440/r/il/48d384/6842277246/il_fullxfull.6842277246_hxrs.jpg,https://i.etsystatic.com/35406440/r/il/032ab4/6890271235/il_fullxfull.6890271235_dp36.jpg,Couleur,"Couleur principale","Vert Kaki,Gris,Jaune,Noir",,,,,,,
"Grand panier en jonc et cuir – Sac artisanal marocain chic et naturel","**PRECOMMANDE - Expédition rapide dès réception**

Ce grand sac cabas en jonc tressées à la main, avec ses élégantes anses longues en cuir naturel, est l’allié idéal pour allier style, durabilité et artisanat authentique. Chaque pièce est fabriquée à la main par des artisans marocains, offrant un charme unique et une solidité remarquable.

🌿 Un accessoire pratique et raffiné
Ce panier cabas au design naturel et intemporel est parfait pour de nombreuses occasions :
- Marché ou courses : spacieux et robuste, il vous accompagne au quotidien.
- Plage ou pique-nique : glissez-y vos essentiels d’été avec style.
- Déco intérieure : transformez-le en rangement pour plaids, magazines ou jouets.
- Sac du quotidien : un look bohème et chic à emporter partout.

✨ Un sac éthique et fait main
Fabriqué à partir de jonc et doté de deux anses en cuir cousues à la main, ce sac cabas allie tradition, fonctionnalité et engagement écoresponsable. Chaque pièce présente des variations naturelles de teinte et de forme, gage de son authenticité artisanale.

📏 Dimensions approximatives :
Largeur: 40 cm / 15,74 pouces
Hauteur: 25 cm / 9,84 pouces
Profondeur : 20 cm / 7,87 pouces
Chaque pièce étant unique, de légères variations sont possibles.

🧼 Conseil d’entretien : Nettoyer délicatement avec un chiffon sec ou légèrement humide. Ne pas immerger.

📦 Livraison rapide en point relais
Une fois votre commande validée, merci de m’indiquer vos coordonnées ainsi que le point relais souhaité pour une expédition rapide. Vous pouvez aussi l’ajouter en commentaire de commande.

💌 Envie d’un tabouret sur mesure ?
Contactez-moi pour adapter ce panier selon vos envies !",47,EUR,1,"sac_cabas_en_jonc,panier_marocain_cuir,sac_panier_fait_main,sac_en_osier_bohème,panier_tressé_artisanal,sac_marché_naturel,cabas_en_jonc,sac_été_plage,panier_en_jonc_anses_cuir,sac_cabas_bohème_chic,sac_éco_responsable,panier_grande_capacité,sac_shopping_éthique","Cuir,Jonc",https://i.etsystatic.com/35406440/r/il/ef3c10/7105993289/il_fullxfull.7105993289_7v80.jpg,https://i.etsystatic.com/35406440/r/il/87b89a/7105993299/il_fullxfull.7105993299_12rw.jpg,https://i.etsystatic.com/35406440/r/il/e83ae8/7058039362/il_fullxfull.7058039362_geyu.jpg,https://i.etsystatic.com/35406440/r/il/f41e83/7058039134/il_fullxfull.7058039134_lb48.jpg,https://i.etsystatic.com/35406440/r/il/863ee0/7105993119/il_fullxfull.7105993119_nhpw.jpg,https://i.etsystatic.com/35406440/r/il/2f7d82/7058039180/il_fullxfull.7058039180_s330.jpg,https://i.etsystatic.com/35406440/r/il/5dd0ec/7105993105/il_fullxfull.7105993105_psyc.jpg,,,,,,,,,,,,,
"Panier cabas en paille avec double anses cuir – Sac bohème chic artisanal marocain","**PRECOMMANDE - Expédition rapide dès réception**

🌞 Alliez style, praticité et savoir-faire traditionnel avec ce cabas en paille tressée à la main, orné de deux anses en cuir véritable. Un compagnon élégant et robuste pour l’été, parfait pour toutes vos escapades, vos courses ou vos journées à la plage.

✨ Un sac intemporel au charme naturel
🧵 Artisanat marocain : Tressé à la main par des artisans locaux, chaque sac est une pièce unique façonnée avec passion.
🌾 Matière naturelle : Paille de palmier tressée pour un rendu texturé authentique, résistant et esthétique.
👜 Double anses cuir : Une paire courte pour le porter à la main et une longue pour l'épaule — praticité maximale au quotidien !
📏 Dimensions généreuses : Suffisamment grand pour accueillir tout ce dont vous avez besoin ( serviettes, portefeuille, courses, bouquin, etc.), 45 cm de largeur / 17,71 pouces x 30 cm de hauteur / 11,81 pouces.
🎯 Polyvalent : Parfait comme sac de marché, sac à main d’été ou même comme rangement déco à la maison.

🧼 Conseil d’entretien : Nettoyer délicatement avec un chiffon sec ou légèrement humide. Ne pas immerger.

📦 Livraison rapide en point relais
Une fois votre commande validée, merci de m’indiquer vos coordonnées ainsi que le point relais souhaité pour une expédition rapide. Vous pouvez aussi l’ajouter en commentaire de commande.

💌 Envie d’un tabouret sur mesure ?
Contactez-moi pour adapter ce panier selon vos envies !",46.4,EUR,1,"sac_cabas_paille,panier_paille_cuir,sac_bohème_été,sac_artisanal,sac_plage_bohème,sac_fait_main,sac_naturel_femme,sac_fibres_naturelles,sac_marché_paille,sac_cuir_et_paille,cabas_bohème_chic,sac_été_naturel,sac_déco_bohème","Peau de vache,Paille,Rotin",https://i.etsystatic.com/35406440/r/il/706f5a/7553819519/il_fullxfull.7553819519_1mgs.jpg,https://i.etsystatic.com/35406440/r/il/79e1ed/7505853940/il_fullxfull.7505853940_pkqz.jpg,https://i.etsystatic.com/35406440/r/il/83b5aa/7553793817/il_fullxfull.7553793817_klln.jpg,https://i.etsystatic.com/35406440/r/il/65553b/7553793799/il_fullxfull.7553793799_2t6u.jpg,https://i.etsystatic.com/35406440/r/il/75a997/7553793801/il_fullxfull.7553793801_bje9.jpg,https://i.etsystatic.com/35406440/r/il/7b5b2f/7505853984/il_fullxfull.7505853984_4cwv.jpg,,,,,,,,,,,,,,
"Sac cabas en paille brodé de sequins – Panier coloré artisanal avec anses cuir – Sac bohème chic","**PRECOMMANDE - Expédition rapide dès réception**

🌿 Un cabas artisanal éclatant et plein de caractère
Laissez-vous séduire par ce magnifique sac cabas en paille tressée, sublimé par des centaines de sequins colorés brodés à la main. Chaque mouvement révèle de superbes reflets, faisant de ce panier bien plus qu’un simple accessoire : une véritable pièce de mode artisanale.
Doté de solides anses en cuir cousues manuellement, il allie charme bohème, robustesse et confort d’utilisation.

✨ Un panier bohème chic, pratique et polyvalent
Idéal au quotidien comme en vacances, ce cabas deviendra vite indispensable :
- Plage & piscine : spacieux, pratique, lumineux et tellement stylé
- Sorties en ville : apporte une touche tendance et joyeuse à vos tenues
- Marché & courses : léger, solide et confortable à porter
- Déco intérieure : parfait comme rangement pour plaids, magazines ou jouets
L’intérieur est équipé d’un filet doublé avec fermeture par cordon, permettant de garder vos affaires en sécurité.

📏 Dimensions approximatives :
Largeur: 50 cm / 19,68 pouces
Hauteur: 30 cm / 11,81 pouces
Chaque pièce étant unique, de légères variations sont possibles.

🧵 Un savoir-faire traditionnel au service du style
Chaque pièce est réalisée à la main au Maroc avec amour et précision. Le tressage en feuilles de palmier, la broderie de sequins et les finitions en cuir en font un accessoire à la fois éthique, durable et irrésistible.

🧼 Conseil d’entretien : Nettoyer délicatement avec un chiffon sec ou légèrement humide. Ne pas immerger.

📦 Livraison rapide en point relais
Une fois votre commande validée, merci de m’indiquer vos coordonnées ainsi que le point relais souhaité pour une expédition rapide. Vous pouvez aussi l’ajouter en commentaire de commande.

💌 Envie d’un tabouret sur mesure ?
Contactez-moi pour adapter ce panier selon vos envies !",54.4,EUR,3,"sac_paille_sequins,panier_bohème_chic,sac_marocain_artisanal,cabas_paille_femme,sac_été_coloré,panier_tressé_main,sac_cuir_et_paille,sac_plage_bohème,sac_brodé_coloré,panier_mode_été,sac_cabas_marocain,sac_éco_responsable,panier_marché_femme","Peau de vache,Paille,Rotin",https://i.etsystatic.com/35406440/r/il/dcac57/7450228567/il_fullxfull.7450228567_tdbn.jpg,https://i.etsystatic.com/35406440/r/il/64b912/7450227651/il_fullxfull.7450227651_os5o.jpg,https://i.etsystatic.com/35406440/r/il/181ae2/7402313812/il_fullxfull.7402313812_ihd8.jpg,https://i.etsystatic.com/35406440/r/il/6220d6/7450227655/il_fullxfull.7450227655_5gft.jpg,https://i.etsystatic.com/35406440/r/il/319a4b/7402313814/il_fullxfull.7402313814_7ni9.jpg,https://i.etsystatic.com/35406440/r/il/815ee7/7450227653/il_fullxfull.7450227653_jlsh.jpg,https://i.etsystatic.com/35406440/r/il/7b3145/7402313904/il_fullxfull.7402313904_2224.jpg,https://i.etsystatic.com/35406440/r/il/414e5b/7450227751/il_fullxfull.7450227751_8yob.jpg,https://i.etsystatic.com/35406440/r/il/04bf7e/7402313906/il_fullxfull.7402313906_azli.jpg,,,,,,,,,,,
"Suspension Demi-Boule Feuille de Palmier - Luminaire Naturel Bohème Fait Main - Abat-jour Artisanal Osier","**PRECOMMANDE - Expédition rapide dès réception**

🌿 Une suspension élégante et chaleureuse pour une ambiance douce
Apportez une atmosphère douce et naturelle à votre intérieur avec cette magnifique suspension en forme de demi-sphère, entièrement tressée à la main à partir de feuilles de palmier. Son tressage dense et régulier diffuse une lumière chaleureuse et tamisée, créant une ambiance apaisante, parfaite pour un intérieur bohème, minimaliste, méditerranéen ou scandinave.

✨ Un luminaire artisanal polyvalent et éco-responsable
Avec sa silhouette douce et sa matière brute, cette suspension s’adapte harmonieusement à toutes les pièces de votre maison :
- Salle à manger : Accrochée au-dessus d’une table, elle crée un effet cocon et convivial, idéal pour les repas en famille ou entre amis.
- Salon ou coin lecture : Elle offre une lumière douce et naturelle, parfaite pour des moments de détente et de sérénité.
- Entrée ou chambre : Ajoute une touche décorative éthique et chaleureuse, accueillant vos invités ou créant une atmosphère propice au repos.
- Terrasse couverte : Pour un extérieur au charme bohème et méditerranéen (attention : éviter le contact direct avec la pluie pour préserver le matériau).

📏 Dimensions approximatives (Diamètre)
- 30 cm / 11,81 pouces
- 40 cm / 15,75 pouces
- 50 cm / 19,68 pouces
Les dimensions et les couleurs peuvent légèrement varier en raison du travail manuel.

💡 Douille et câble non inclus, mais compatibles avec tout kit électrique standard.

🌍 Un produit éthique et fait main
Chaque suspension est réalisée artisanalement au Maroc, selon un savoir-faire ancestral. Les feuilles de palmier utilisées sont locales, biodégradables et durables. Une vraie alternative écologique aux luminaires industriels.

🧼 Conseils d’entretien
- Dépoussiérer avec un chiffon sec ou une brosse douce
- Éviter l’humidité prolongée et le plein soleil direct

📦 Livraison rapide en point relais
Une fois votre commande validée, merci de m’indiquer vos coordonnées ainsi que le point relais souhaité pour une expédition rapide. Vous pouvez aussi l’ajouter en commentaire de commande.

💌 Envie d’un tabouret sur mesure ?
Contactez-moi pour choisir vos couleurs ou dimensions personnalisées !",30.5,EUR,26,"Suspension_luminaire,Feuille_de_palmier,Fait_main,Abat-jour_artisanal,Luminaire_bohème,Décoration_naturelle,Artisanat_marocain,Suspension_demi-boule,Éclairage_intérieur,Style_ethnique,Fibre_naturelle,Cadeau_unique,Déco_durable",Rotin,https://i.etsystatic.com/35406440/r/il/a16aa8/6913809208/il_fullxfull.6913809208_gg01.jpg,https://i.etsystatic.com/35406440/r/il/6cafcf/6961780987/il_fullxfull.6961780987_b2g4.jpg,https://i.etsystatic.com/35406440/r/il/53bec6/6961780379/il_fullxfull.6961780379_5e7l.jpg,https://i.etsystatic.com/35406440/r/il/236fc7/6961780397/il_fullxfull.6961780397_1h6z.jpg,https://i.etsystatic.com/35406440/r/il/396c92/6913808630/il_fullxfull.6913808630_169z.jpg,https://i.etsystatic.com/35406440/r/il/2c63af/6913811900/il_fullxfull.6913811900_gykf.jpg,https://i.etsystatic.com/35406440/r/il/44fedb/6913810260/il_fullxfull.6913810260_7pwi.jpg,https://i.etsystatic.com/35406440/r/il/75fcd6/6913818236/il_fullxfull.6913818236_fhqz.jpg,,,"Propriété personnalisée",Diamétre,"30cm,40cm,50cm",,,,,,,
"Sac cabas en paille brodée de sequins dorés – Anses cuir et fermeture filet – Artisanat marocain chic et bohème","**PRECOMMANDE - Expédition rapide dès réception**

🌿 Un sac cabas artisanal aux mille éclats
Craquez pour ce superbe sac en paille tressée à la main, entièrement brodé de sequins dorés qui captent la lumière à chaque mouvement. Véritable bijou d’artisanat marocain, il est à la fois pratique, résistant et unique en son genre. Ses anses solides en cuir véritable cousues à la main lui assurent un confort optimal pour une utilisation quotidienne ou en vacances.

✨ Un cabas chic, coloré et fonctionnel
Ce sac est le compagnon idéal pour toutes vos escapades :
- À la plage : spacieux et stylé, il accueille serviettes, crèmes et lecture
- En ville : une touche bohème et pétillante à toutes vos tenues
- Pour le marché : pratique et léger, il vous suit partout
- En décoration : sublime comme rangement pour des plaids, coussins ou magazines
Il est doublé d’un filet avec fermeture à cordon pour garder vos affaires en sécurité.

📏 Dimensions généreuses : Suffisamment grand pour accueillir tout ce dont vous avez besoin ( serviettes, portefeuille, courses, bouquin, etc.), 45 cm de largeur / 17,71 pouces x 30 cm de hauteur / 11,81 pouces.

🧵 Un savoir-faire traditionnel au service du style
Chaque pièce est réalisée à la main au Maroc avec amour et précision. Le tressage en feuilles de palmier, la broderie de sequins et les finitions en cuir en font un accessoire à la fois éthique, durable et irrésistible.

🧼 Conseil d’entretien : Nettoyer délicatement avec un chiffon sec ou légèrement humide. Ne pas immerger.

📦 Livraison rapide en point relais
Une fois votre commande validée, merci de m’indiquer vos coordonnées ainsi que le point relais souhaité pour une expédition rapide. Vous pouvez aussi l’ajouter en commentaire de commande.

💌 Envie d’un tabouret sur mesure ?
Contactez-moi pour adapter ce panier selon vos envies !",54.5,EUR,1,"sac_cabas_en_paille,sac_paille_sequins,panier_plage_bohème,sac_artisanal_marocain,sac_en_paille_anses_cuir,panier_de_plage_chic,sac_bohème_été,cabas_grande_capacité,sac_tressé_à_la_main,cabas_bohème_multicolore,sac_ethnique_femme,panier_rangement_déco,sac_cabas_gold","Peau de vache,Paille,Rotin",https://i.etsystatic.com/35406440/r/il/30929e/7100733423/il_fullxfull.7100733423_5cam.jpg,https://i.etsystatic.com/35406440/r/il/063b80/7052769744/il_fullxfull.7052769744_t0j7.jpg,https://i.etsystatic.com/35406440/r/il/7fc677/7100730285/il_fullxfull.7100730285_83z5.jpg,https://i.etsystatic.com/35406440/r/il/18daa7/7100730301/il_fullxfull.7100730301_bj0k.jpg,https://i.etsystatic.com/35406440/r/il/de3230/7100730293/il_fullxfull.7100730293_8xmo.jpg,https://i.etsystatic.com/35406440/r/il/d65c67/7100730287/il_fullxfull.7100730287_3zbd.jpg,https://i.etsystatic.com/35406440/r/il/0f3124/7100730471/il_fullxfull.7100730471_tp1t.jpg,https://i.etsystatic.com/35406440/r/il/c57b45/7100730473/il_fullxfull.7100730473_41oz.jpg,https://i.etsystatic.com/35406440/r/il/3a0c23/7052769928/il_fullxfull.7052769928_jjwx.jpg,,,,,,,,,,,
"Sac cabas en paille brodée de sequins gris – Anses cuir et fermeture filet – Artisanat marocain chic et bohème","**PRECOMMANDE - Expédition rapide dès réception**

🌿 Un sac cabas artisanal aux mille éclats
Craquez pour ce superbe sac en paille tressée à la main, entièrement brodé de sequins gris qui captent la lumière à chaque mouvement. Véritable bijou d’artisanat marocain, il est à la fois pratique, résistant et unique en son genre. Ses anses solides en cuir véritable cousues à la main lui assurent un confort optimal pour une utilisation quotidienne ou en vacances.

✨ Un cabas chic, coloré et fonctionnel
Ce sac est le compagnon idéal pour toutes vos escapades :
- À la plage : spacieux et stylé, il accueille serviettes, crèmes et lecture
- En ville : une touche bohème et pétillante à toutes vos tenues
- Pour le marché : pratique et léger, il vous suit partout
- En décoration : sublime comme rangement pour des plaids, coussins ou magazines
Il est doublé d’un filet avec fermeture à cordon pour garder vos affaires en sécurité.

📏 Dimensions généreuses : Suffisamment grand pour accueillir tout ce dont vous avez besoin ( serviettes, portefeuille, courses, bouquin, etc.), 45 cm de largeur / 17,71 pouces x 30 cm de hauteur / 11,81 pouces.

🧵 Un savoir-faire traditionnel au service du style
Chaque pièce est réalisée à la main au Maroc avec amour et précision. Le tressage en feuilles de palmier, la broderie de sequins et les finitions en cuir en font un accessoire à la fois éthique, durable et irrésistible.

🧼 Conseil d’entretien : Nettoyer délicatement avec un chiffon sec ou légèrement humide. Ne pas immerger.

📦 Livraison rapide en point relais
Une fois votre commande validée, merci de m’indiquer vos coordonnées ainsi que le point relais souhaité pour une expédition rapide. Vous pouvez aussi l’ajouter en commentaire de commande.

💌 Envie d’un tabouret sur mesure ?
Contactez-moi pour adapter ce panier selon vos envies !",54.4,EUR,4,"sac_cabas_en_paille,sac_paille_sequins,panier_plage_bohème,sac_artisanal_marocain,sac_cabas_gris,sac_en_paille_anses_cuir,panier_de_plage_chic,sac_bohème_été,cabas_grande_capacité,sac_tressé_à_la_main,cabas_bohème_multicolore,sac_ethnique_femme,panier_rangement_déco","Peau de vache,Paille,Rotin",https://i.etsystatic.com/35406440/r/il/7cc8d8/7098982253/il_fullxfull.7098982253_70d5.jpg,https://i.etsystatic.com/35406440/r/il/b3dd53/7051021390/il_fullxfull.7051021390_r4gt.jpg,https://i.etsystatic.com/35406440/r/il/5344e6/7098982285/il_fullxfull.7098982285_mkho.jpg,https://i.etsystatic.com/35406440/r/il/ffb12e/7098983381/il_fullxfull.7098983381_r6vc.jpg,https://i.etsystatic.com/35406440/r/il/8fe22e/7098982289/il_fullxfull.7098982289_r1fs.jpg,https://i.etsystatic.com/35406440/r/il/b56e2d/7098982263/il_fullxfull.7098982263_90s9.jpg,https://i.etsystatic.com/35406440/r/il/ca32f2/7098982417/il_fullxfull.7098982417_9pp6.jpg,https://i.etsystatic.com/35406440/r/il/f7bb49/7098982423/il_fullxfull.7098982423_kt3b.jpg,https://i.etsystatic.com/35406440/r/il/c3aef9/7098982415/il_fullxfull.7098982415_lmgd.jpg,https://i.etsystatic.com/35406440/r/il/618ca3/7098982259/il_fullxfull.7098982259_6mfo.jpg,"Propriété personnalisée","Couleur des paillettes","Paillettes argentées,Paillettes dorées",,,,,,,
"Petite malle de rangement en osier naturel – Style bohème & rangement nomade","**PRECOMMANDE - Expédition rapide dès réception**

🌿 Un rangement naturel et authentique
Ajoutez une touche bohème et chaleureuse à votre intérieur avec cette charmante petite malle en osier, entièrement tressée à la main par des artisans marocains à partir de feuilles de palmier. À la fois décorative et fonctionnelle, elle apportera une ambiance naturelle tout en vous offrant un espace de rangement pratique.

✨ Un accessoire polyvalent
Cette jolie malle en osier s’intègre facilement dans toutes les pièces de la maison :
- Parfaite pour ranger les jouets dans une chambre d’enfant
- Idéale sur une table à langer pour y glisser les essentiels de bébé
- Utile comme boîte de rangement dans le salon, la salle de bain ou l’entrée
- Élément déco bohème chic sur une étagère ou une commode
- Pratique pour transporter vos indispensables lors d’un pique-nique champêtre
Elle est équipée d’un petit bouton d’attache et d’une anse sur le dessus pour un transport facile.

📏 Dimensions approximatives :
- Longueur : environ 25 cm x  Hauteur : environ 20 cm x  Largeur : environ 20 cm

🌍 Artisanat naturel et durable
Conçue à partir de fibres végétales 100 % naturelles, cette malle est une alternative écologique et esthétique aux rangements en plastique. Chaque pièce est unique, avec ses légères variations de teinte ou de tressage qui témoignent de sa fabrication artisanale ♻️.

🧼 Conseils d’entretien
Dépoussiérez régulièrement avec un chiffon sec pour préserver sa beauté naturelle.

📦 Expédition rapide en point relais
Dès validation de votre commande, merci de me transmettre vos coordonnées ainsi que le point relais souhaité pour une expédition sans attente. Vous pouvez aussi mentionner ces informations dans les commentaires de votre commande.

💌 Une envie de personnalisation ?
Besoin d’un autre format différent ? Contactez-moi pour une création sur mesure ! 😊",15,EUR,2,"malle_osier_artisanale,boîte_rangement_naturelle,panier_tressé_main,déco_bohème_naturelle,rangement_chambre_bébé,Coffret_pique-nique_osier,panier_rangement_osier,accessoire_déco_rustique,malle_paille_marocaine,rangement_écologique,décoration_bohème_chic,panier_osier_handmade,rangement_éthique_durable",Osier,https://i.etsystatic.com/35406440/r/il/a2fb43/6843805863/il_fullxfull.6843805863_cquj.jpg,https://i.etsystatic.com/35406440/r/il/08d73a/6779963002/il_fullxfull.6779963002_hs2u.jpg,https://i.etsystatic.com/35406440/r/il/77dc60/6827976493/il_fullxfull.6827976493_ij2v.jpg,https://i.etsystatic.com/35406440/r/il/1d98a4/6843804585/il_fullxfull.6843804585_953h.jpg,https://i.etsystatic.com/35406440/r/il/01a5d7/6827976535/il_fullxfull.6827976535_lssb.jpg,https://i.etsystatic.com/35406440/r/il/f35650/6827982015/il_fullxfull.6827982015_g5hy.jpg,https://i.etsystatic.com/35406440/r/il/3a7ab6/6779969162/il_fullxfull.6779969162_f3tb.jpg,https://i.etsystatic.com/35406440/r/il/572ebe/6827976527/il_fullxfull.6827976527_4iav.jpg,,,,,,,,,,,,
"Suspension conique en paille tressée – Luminaire bohème pour une ambiance chaleureuse","**PRECOMMANDE - Expédition rapide dès réception**

Apportez une ambiance bohème et chaleureuse à votre intérieur avec cette magnifique suspension conique en paille tressée à la main. Son design unique avec ses franges naturelles diffuse une lumière douce et crée un jeu d’ombres fascinant, idéal pour un éclairage tamisé et chaleureux.

###Polyvalence et Élégance
Cette suspension artisanale s’adapte parfaitement à différents espaces et styles décoratifs :

- Salon ou salle à manger : Un éclairage naturel et tendance au-dessus d’une table ou d’un coin détente.
- Chambre : Crée une atmosphère douce et réconfortante pour un intérieur apaisant.
- Terrasse couverte ou véranda : Parfaite pour une déco bohème et un éclairage tamisé en extérieur.
- Espace commercial : Idéale pour restaurants, boutiques ou cafés recherchant une touche artisanale et chaleureuse.

###Une Alternative Écoresponsable
Fabriquée en fibres naturelles et tressée à la main, cette suspension est une alternative écologique et durable aux luminaires industriels. Chaque pièce est unique, avec de légères variations de teinte et de forme, témoignant d’un savoir-faire artisanal authentique.

###Dimensions approximatives (diamètre x hauteur) :
- Petite suspension : 30 x 20 cm
- Moyenne suspension : 30 x 30 cm

###Livraison en point relais :
Une fois votre commande passée, merci de me transmettre vos coordonnées et de préciser le point relais souhaité pour une expédition rapide. Vous pouvez également mentionner ces informations dans les commentaires de votre commande. (Pensez à vérifier vos spams afin de ne pas manquer mes messages.)

Besoin d’une taille personnalisée ? N’hésitez pas à me contacter.",23,EUR,5,"Suspension_en_paille,Luminaire_bohème,Abat-jour_naturel,Suspension_artisanale,Déco_en_fibres_naturelles,Lustre_tressé_à_la_main,Suspension_conique,Éclairage_bohème_chic,Lampe_en_osier,Suspension_en_rotin,Décoration_écoresponsable,Lustre_en_matériaux_naturels,Déco_ethnique_et_bohème",Rotin,https://i.etsystatic.com/35406440/r/il/df4dd7/6698628021/il_fullxfull.6698628021_o5sx.jpg,https://i.etsystatic.com/35406440/r/il/930243/6650585048/il_fullxfull.6650585048_hkv7.jpg,https://i.etsystatic.com/35406440/r/il/55c05b/6650585014/il_fullxfull.6650585014_qrqd.jpg,https://i.etsystatic.com/35406440/r/il/20a91c/6698620863/il_fullxfull.6698620863_2fi2.jpg,https://i.etsystatic.com/35406440/r/il/cc4f8d/6650584994/il_fullxfull.6650584994_s5dy.jpg,https://i.etsystatic.com/35406440/r/il/6e1119/6650585138/il_fullxfull.6650585138_mudm.jpg,https://i.etsystatic.com/35406440/r/il/291587/6650585024/il_fullxfull.6650585024_a7mj.jpg,https://i.etsystatic.com/35406440/r/il/0b4416/6650585034/il_fullxfull.6650585034_nsim.jpg,https://i.etsystatic.com/35406440/r/il/ee4937/6650592370/il_fullxfull.6650592370_ow6w.jpg,,Hauteur,Hauteur,"20,30,40",,,,,,,
"Sac cabas en paille brodé doré et blanc – Panier marocain artisanal – Sac bohème chic avec anses cuir – Panier brillant fait main","**PRECOMMANDE - Expédition rapide dès réception**

🌿 Un cabas artisanal éclatant au charme luxueux
Laissez-vous séduire par ce splendide sac cabas en paille tressée, sublimé par une broderie intégrale de sequins dorés et blancs. Son motif géométrique scintillant capte la lumière à chaque mouvement, faisant de ce panier une véritable pièce maîtresse de votre tenue.
Fabriqué artisanalement au Maroc, il associe robustesse et authenticité grâce à ses anses en cuir véritable, cousues à la main pour un confort durable.

✨ Un panier chic, lumineux et incroyablement polyvalent
Ce cabas accompagne toutes vos sorties avec style :
- À la plage : spacieux et élégant, idéal pour serviettes et essentiels d'été
- En ville : un accessoire bohème chic qui attire les regards
- Pour le marché : pratique, solide et léger à porter
- En décoration : parfait comme panier de rangement stylé (plaids, magazines, jouets…)
Son intérieur est doté d’un filet avec fermeture à cordon, assurant la protection de vos affaires.

📏 Dimensions généreuses : 
Assez grand pour tout accueillir : serviette, livres, portefeuille, courses
- Largeur : 45 cm / 17,71 pouces
- Hauteur : 30 cm / 11,81 pouces
Chaque pièce étant faite main, de légères variations peuvent rendre votre panier encore plus unique.

🧵 Un savoir-faire traditionnel au service du style
Chaque pièce est réalisée à la main au Maroc avec amour et précision. Le tressage en feuilles de palmier, la broderie de sequins et les finitions en cuir en font un accessoire à la fois éthique, durable et irrésistible.

🧼 Conseil d’entretien : Nettoyer délicatement avec un chiffon sec ou légèrement humide. Ne pas immerger.

📦 Livraison rapide en point relais
Une fois votre commande validée, merci de m’indiquer vos coordonnées ainsi que le point relais souhaité pour une expédition rapide. Vous pouvez aussi l’ajouter en commentaire de commande.

💌 Envie d’un tabouret sur mesure ?
Contactez-moi pour adapter ce panier selon vos envies !",54.5,EUR,4,"sac_paille_doré,panier_sequins_blanc_or,sac_cabas_bohème_chic,panier_marocain_artisanal,sac_brodé_main,sac_été_femme,panier_plage_chic,cabas_cuir_et_paille,sac_tressé_doré,panier_géométrique_bohème,sac_brillant_femme,accessoire_mode_été,panier_rangement_déco","Peau de vache,Paille,Rotin",https://i.etsystatic.com/35406440/r/il/4af85c/7402332726/il_fullxfull.7402332726_hnyw.jpg,https://i.etsystatic.com/35406440/r/il/2b4806/7450245617/il_fullxfull.7450245617_6k2z.jpg,https://i.etsystatic.com/35406440/r/il/da5c13/7402331588/il_fullxfull.7402331588_1xwg.jpg,https://i.etsystatic.com/35406440/r/il/d60b95/7450245619/il_fullxfull.7450245619_cj8i.jpg,https://i.etsystatic.com/35406440/r/il/408ff4/7450245621/il_fullxfull.7450245621_l5a2.jpg,https://i.etsystatic.com/35406440/r/il/d44613/7450245613/il_fullxfull.7450245613_d23r.jpg,https://i.etsystatic.com/35406440/r/il/d1dc94/7402331592/il_fullxfull.7402331592_s22l.jpg,https://i.etsystatic.com/35406440/r/il/d434c4/7450245665/il_fullxfull.7450245665_3cbz.jpg,https://i.etsystatic.com/35406440/r/il/8c12d4/7450245663/il_fullxfull.7450245663_f1bo.jpg,,,,,,,,,,,
"Sac bandoulière paille et cuir – Sac artisanal marocain avec frange – Petit sac bohème chic fait main","**PRECOMMANDE - Expédition rapide dès réception**

🌿 Un sac artisanal élégant et plein de caractère
Craquez pour ce superbe sac bandoulière en paille tressée, rehaussé d’un rabat en cuir naturel et d’une longue frange bohème ultra tendance. À la fois compact, léger et raffiné, il est l’accessoire idéal pour compléter vos tenues d’été ou vos looks du quotidien.
Entièrement façonné à la main au Maroc, il allie authenticité, charme bohème et finitions soignées pour un style unique et durable.

✨ Un sac bohème chic, pratique et polyvalent
Grâce à sa bandoulière réglable en cuir et à sa taille parfaite, il vous accompagne partout :
- En ville : idéal pour garder téléphone, clés et petits essentiels
- En soirée : apporte une touche naturelle et élégante à votre tenue
- En vacances : léger, confortable et facile à assortir
- En déco : sublime accroché à un porte-manteau ou posé sur un meuble
Son rabat en cuir assure une fermeture pratique, tandis que son tressage serré offre une bonne tenue et une belle résistance.

📏 Dimensions approximatives :
Largeur: 20 cm / 7,87 pouces
Hauteur: 15 cm / 5,90 pouces
Chaque pièce étant unique, de légères variations sont possibles.

🧵 Un savoir-faire traditionnel au service du style
Chaque sac est confectionné à la main selon un savoir-faire marocain ancestral. Le tressage des feuilles de palmier, l’assemblage du cuir et la frange décorative font de ce modèle un accessoire éthique, durable et résolument tendance.

🧼 Conseil d’entretien : 
Dépoussiérer délicatement avec un chiffon sec.
Éviter l’humidité prolongée et ne pas immerger.

📦 Livraison rapide en point relais
Une fois votre commande validée, merci de m’indiquer vos coordonnées ainsi que le point relais souhaité pour une expédition rapide. Vous pouvez aussi l’ajouter en commentaire de commande.

💌 Envie d’un tabouret sur mesure ?
Contactez-moi pour adapter ce panier selon vos envies !",53.2,EUR,3,"sac_bandoulière_paille,sac_cuir_bohème,sac_été_femme,sac_artisanal_marocain,petit_sac_bohème,sac_frange_cuir,sac_tressé_fait_main,sac_paille_chic,sac_vacances_femme,sac_naturel_été,sac_bohème_chic,sac_crossbody_paille,sac_tendance_été","Peau de vache,Paille,Rotin",https://i.etsystatic.com/35406440/r/il/e8b737/7402372754/il_fullxfull.7402372754_ob3r.jpg,https://i.etsystatic.com/35406440/r/il/75959e/7450266099/il_fullxfull.7450266099_c5hu.jpg,https://i.etsystatic.com/35406440/r/il/9dc6eb/7402371010/il_fullxfull.7402371010_tdax.jpg,https://i.etsystatic.com/35406440/r/il/95fd5f/7450266201/il_fullxfull.7450266201_drkq.jpg,https://i.etsystatic.com/35406440/r/il/66f99e/7450266221/il_fullxfull.7450266221_at5k.jpg,https://i.etsystatic.com/35406440/r/il/a7c547/7402352344/il_fullxfull.7402352344_lp38.jpg,https://i.etsystatic.com/35406440/r/il/bfbfa4/7402352384/il_fullxfull.7402352384_aje8.jpg,https://i.etsystatic.com/35406440/r/il/b7aad8/7450266169/il_fullxfull.7450266169_fwb4.jpg,https://i.etsystatic.com/35406440/r/il/9a5640/7450266079/il_fullxfull.7450266079_58pl.jpg,,,,,,,,,,,
"Charmant miroir mural doré en forme de fenêtre – Artisanat marocain authentique","**PRECOMMANDE – Expédition rapide dès réception**
Sublimez votre décoration avec ces superbes miroirs artisanaux en laiton doré, inspirés des fenêtres traditionnelles marocaines. Réalisés à la main, ils offrent un charme authentique et une élégance intemporelle, idéale pour une touche bohème chic dans votre intérieur.

### Une décoration élégante et unique
Ces miroirs s’intègrent parfaitement dans différents styles de décoration grâce à leur design polyvalent :
- Ambiance bohème chic : Accrochez-les au mur pour une déco chaleureuse et authentique, parfaite dans un salon, une chambre ou une entrée.
- Décoration de table : Placez-les sur une console ou une table basse pour refléter la lumière et sublimer vos objets déco.
- Collection murale : Associez plusieurs modèles pour créer une composition murale originale et personnalisée.
Leur cadre doré martelé illumine n’importe quelle pièce et apporte une touche d’éclat subtile et raffinée.

### Un savoir-faire artisanal
Chaque miroir est soigneusement façonné à la main par des artisans marocains expérimentés, utilisant des techniques ancestrales. Le cadre en laiton doré est légèrement martelé, ce qui donne une texture unique et irrégulière à chaque pièce, garantissant un rendu authentique et artisanal.

### Dimensions (approximatives) :
Petit miroir : Hauteur = 14 cm x Largeur = 11 cm
Grand miroir : Hauteur = 25 cm x Largeur = 20 cm

Les dimensions incluent le cadre. Étant donné leur fabrication artisanale, de légères variations peuvent exister d’un modèle à l’autre, rendant chaque miroir absolument unique.

### Conseils d’entretien :
Le laiton peut s’oxyder légèrement avec le temps ou l’humidité. Pour conserver son éclat, nettoyez-le délicatement avec un chiffon doux et un produit adapté aux métaux.

### Livraison gratuite en point relais :
Dès que vous avez passé votre commande, merci de me transmettre vos coordonnées et de préciser le point relais souhaité pour une expédition rapide. Vous pouvez également mentionner ces informations dans les commentaires de votre commande. (Pensez à vérifier vos spams afin de ne pas manquer mes messages.)

Ajoutez une touche d’artisanat authentique à votre décoration tout en optant pour un rangement pratique et esthétique !

Besoin de dimensions ou de modèles spécifiques ? N’hésitez pas à me contacter.",10,EUR,4,"Miroir_artisanal_marocain,Miroir_en_laiton_doré,Décoration_murale_bohème,Miroir_design_fenêtre,Miroir_fait_main,Déco_intérieure_marocaine,Miroir_doré_martelé,Artisanat_marocain,Miroir_vintage_chic,Petite_déco_murale,Accessoire_déco_bohème,Miroir_authentique,Déco_dorée_élégante","Verre,Cuivre doré,Laiton doré,Cuivre,Laiton",https://i.etsystatic.com/35406440/r/il/15fbc9/6604524579/il_fullxfull.6604524579_nahn.jpg,https://i.etsystatic.com/35406440/r/il/6481a3/6556400876/il_fullxfull.6556400876_lw34.jpg,https://i.etsystatic.com/35406440/r/il/a20ab8/6604524577/il_fullxfull.6604524577_930s.jpg,https://i.etsystatic.com/35406440/r/il/e281d3/6556400880/il_fullxfull.6556400880_rj1x.jpg,https://i.etsystatic.com/35406440/r/il/48de27/6604536443/il_fullxfull.6604536443_6glq.jpg,https://i.etsystatic.com/35406440/r/il/502d4b/6556400866/il_fullxfull.6556400866_tk4a.jpg,,,,,Hauteur,Hauteur,"14,25",,,,,,,
"Suspension bohème en feuilles de palmier – Luminaire tressé avec franges naturelles","**PRECOMMANDE - Expédition rapide dès réception**

🌿 Une suspension organique pour une ambiance chaleureuse et inspirée
Craquez pour cette suspension artisanale longue en feuilles de palmier, entièrement réalisée à la main. Son tressage ajouré laisse filtrer une lumière douce et chaleureuse, tandis que ses franges naturelles apportent un mouvement subtil, donnant à votre espace une atmosphère bohème, poétique et relaxante.

✨ Un luminaire décoratif et polyvalent
Parfaite pour ajouter du caractère à votre décoration, elle trouve facilement sa place dans différents espaces :
- Au-dessus d’une table de salle à manger : crée une ambiance conviviale et enveloppante
- Dans un salon ou coin lecture : apporte une lumière délicate et apaisante
- Dans une entrée ou une chambre : ajoute une touche naturelle, douce et authentique
- Sous une terrasse couverte ou pergola : pour une déco méditerranéenne en plein air (éviter le contact direct avec l’eau)

📏 Dimensions approximatives (Diamètre)
- Hauteur totale avec franges : 90 cm / 35.43 pouces
- Hauteur du tressage (sans franges) : 30 cm / 11.81 pouces
- Diamètre : 25 cm / 9.84 pouces
Les dimensions et les couleurs peuvent légèrement varier en raison du travail manuel.

💡 Douille et câble non inclus, mais compatibles avec tout kit électrique standard.

🌍 Un produit éthique et fait main
Chaque suspension est réalisée artisanalement au Maroc, selon un savoir-faire ancestral. Les feuilles de palmier utilisées sont locales, biodégradables et durables. Une vraie alternative écologique aux luminaires industriels.

🧼 Conseils d’entretien
- Dépoussiérer avec un chiffon sec ou une brosse douce
- Éviter l’humidité prolongée et le plein soleil direct

📦 Livraison rapide en point relais
Une fois votre commande validée, merci de m’indiquer vos coordonnées ainsi que le point relais souhaité pour une expédition rapide. Vous pouvez aussi l’ajouter en commentaire de commande.

💌 Envie d’un tabouret sur mesure ?
Contactez-moi pour choisir vos couleurs ou dimensions personnalisées !",40,EUR,1,"Suspension_luminaire,Feuille_de_palmier,Fait_main,Abat-jour_artisanal,Luminaire_bohème,Décoration_naturelle,Artisanat_marocain,Suspension_demi-boule,Éclairage_intérieur,Style_ethnique,Fibre_naturelle,Cadeau_unique,Déco_durable",Rotin,https://i.etsystatic.com/35406440/r/il/55cdc3/7505889648/il_fullxfull.7505889648_k076.jpg,https://i.etsystatic.com/35406440/r/il/a7f5f5/7377036794/il_fullxfull.7377036794_sj19.jpg,https://i.etsystatic.com/35406440/r/il/7a51bb/7377034870/il_fullxfull.7377034870_3ja4.jpg,https://i.etsystatic.com/35406440/r/il/97c4dd/7377034872/il_fullxfull.7377034872_q198.jpg,https://i.etsystatic.com/35406440/r/il/268721/7377034858/il_fullxfull.7377034858_c6a1.jpg,https://i.etsystatic.com/35406440/r/il/ca1e62/7424957597/il_fullxfull.7424957597_lado.jpg,https://i.etsystatic.com/35406440/r/il/6843ba/7424957425/il_fullxfull.7424957425_7emi.jpg,,,,,,,,,,,,,
"Sac cabas en paille brodée de sequins blancs et dorés – Anses cuir et fermeture filet – Artisanat marocain chic et bohème","**PRECOMMANDE - Expédition rapide dès réception**

🌿 Un sac cabas artisanal aux mille éclats
Craquez pour ce superbe sac en paille tressée à la main, entièrement brodé de sequins blancs et dorés qui captent la lumière à chaque mouvement. Véritable bijou d’artisanat marocain, il est à la fois pratique, résistant et unique en son genre. Ses anses solides en cuir véritable cousues à la main lui assurent un confort optimal pour une utilisation quotidienne ou en vacances.

✨ Un cabas chic, coloré et fonctionnel
Ce sac est le compagnon idéal pour toutes vos escapades :
- À la plage : spacieux et stylé, il accueille serviettes, crèmes et lecture
- En ville : une touche bohème et pétillante à toutes vos tenues
- Pour le marché : pratique et léger, il vous suit partout
- En décoration : sublime comme rangement pour des plaids, coussins ou magazines
Il est doublé d’un filet avec fermeture à cordon pour garder vos affaires en sécurité.

📏 Dimensions généreuses : Suffisamment grand pour accueillir tout ce dont vous avez besoin ( serviettes, portefeuille, courses, bouquin, etc.), 45 cm de largeur / 17,71 pouces x 30 cm de hauteur / 11,81 pouces.

🧵 Un savoir-faire traditionnel au service du style
Chaque pièce est réalisée à la main au Maroc avec amour et précision. Le tressage en feuilles de palmier, la broderie de sequins et les finitions en cuir en font un accessoire à la fois éthique, durable et irrésistible.

🧼 Conseil d’entretien : Nettoyer délicatement avec un chiffon sec ou légèrement humide. Ne pas immerger.

📦 Livraison rapide en point relais
Une fois votre commande validée, merci de m’indiquer vos coordonnées ainsi que le point relais souhaité pour une expédition rapide. Vous pouvez aussi l’ajouter en commentaire de commande.

💌 Envie d’un tabouret sur mesure ?
Contactez-moi pour adapter ce panier selon vos envies !",54.5,EUR,4,"sac_paille_doré,panier_sequins_blanc_or,sac_cabas_bohème_chic,panier_marocain_artisanal,sac_brodé_main,sac_été_femme,panier_plage_chic,cabas_cuir_et_paille,sac_tressé_doré,panier_géométrique_bohème,sac_brillant_femme,accessoire_mode_été,panier_rangement_déco","Peau de vache,Paille,Rotin",https://i.etsystatic.com/35406440/r/il/4b019c/7231381448/il_fullxfull.7231381448_75ds.jpg,https://i.etsystatic.com/35406440/r/il/1e220b/6991987784/il_fullxfull.6991987784_9zh6.jpg,https://i.etsystatic.com/35406440/r/il/7bf0ea/7039964561/il_fullxfull.7039964561_nx5j.jpg,https://i.etsystatic.com/35406440/r/il/95830b/7039964535/il_fullxfull.7039964535_3okh.jpg,https://i.etsystatic.com/35406440/r/il/59d0f3/7039964559/il_fullxfull.7039964559_2tth.jpg,https://i.etsystatic.com/35406440/r/il/649a23/6991988066/il_fullxfull.6991988066_kyx1.jpg,https://i.etsystatic.com/35406440/r/il/de9bf7/7039964839/il_fullxfull.7039964839_4dy9.jpg,https://i.etsystatic.com/35406440/r/il/ba1253/6991987806/il_fullxfull.6991987806_9ulh.jpg,https://i.etsystatic.com/35406440/r/il/383c6b/7039964845/il_fullxfull.7039964845_k2v6.jpg,https://i.etsystatic.com/35406440/r/il/5a7717/6991988068/il_fullxfull.6991988068_7rqf.jpg,,,,,,,,,,
"Panier cabas en paille tressée avec anses en cuir – Panier d’été fait main – Sac artisanal marocain bohème chic","**PRECOMMANDE - Expédition rapide dès réception**

🌿 Offrez-vous une touche d’élégance naturelle avec ce superbe cabas en paille tressée à la main, orné d’anses en cuir véritable. Un accessoire incontournable pour la belle saison, à la fois robuste, stylé et éthique !

✨ Un cabas chic et polyvalent
🧵 Fabrication artisanale : Confectionné avec soin par des artisans marocains, chaque sac reflète un savoir-faire traditionnel unique.
🌾 Matériau naturel : Paille de palmier finement tressée pour un rendu texturé, léger et résistant.
👜 Poignées en cuir véritable : Anses solides et confortables pour un porté main agréable et durable.
📏 Dimensions pratiques : Environ 45 cm de large x 30 cm de haut / 17,71 pouces x 11,81 pouces – parfait pour vos affaires du quotidien, vos virées shopping ou vos journées à la plage.
🎯 Usage multiple : Sac de marché, cabas d’été, sac de plage ou même panier déco dans votre intérieur.

🧼 Conseils d’entretien : Nettoyer avec un chiffon doux, sans immerger le panier dans l’eau.

📦 Livraison rapide en point relais
Une fois votre commande validée, merci de m’indiquer vos coordonnées ainsi que le point relais souhaité pour une expédition rapide. Vous pouvez aussi l’ajouter en commentaire de commande.

💌 Envie d’un tabouret sur mesure ?
Contactez-moi pour adapter ce panier selon vos envies !",46.4,EUR,1,"sac_paille_cuir,panier_en_osier_cuir,cabas_été_femme,sac_paille_fait_main,panier_marocain_artisanal,sac_bohème_chic,sac_plage_naturel,panier_tressé_cuir,sac_cabas_rustique,sac_paille_anses_cuir,panier_cabas_été,sac_éco_chic,panier_marché_osier","Peau de vache,Paille,Rotin",https://i.etsystatic.com/35406440/r/il/9b9870/7035159367/il_fullxfull.7035159367_tp3x.jpg,https://i.etsystatic.com/35406440/r/il/3f4988/7035159373/il_fullxfull.7035159373_dmgb.jpg,https://i.etsystatic.com/35406440/r/il/81de90/6987181708/il_fullxfull.6987181708_j0k6.jpg,https://i.etsystatic.com/35406440/r/il/13b923/6987181730/il_fullxfull.6987181730_78q1.jpg,https://i.etsystatic.com/35406440/r/il/9f4922/7035159241/il_fullxfull.7035159241_pag2.jpg,https://i.etsystatic.com/35406440/r/il/1502c5/7035159249/il_fullxfull.7035159249_8t5j.jpg,https://i.etsystatic.com/35406440/r/il/e45809/7035159259/il_fullxfull.7035159259_fzu0.jpg,https://i.etsystatic.com/35406440/r/il/7e0923/7035159281/il_fullxfull.7035159281_5rza.jpg,,,,,,,,,,,,
"Panier cabas en paille avec poignée et fermeture en cuir – Sac bohème chic artisanal marocain – Sac d’été artisanal fait main","**PRECOMMANDE - Expédition rapide dès réception**

🌞 Alliez style, praticité et savoir-faire traditionnel avec ce cabas en paille tressée à la main, orné de poignée et fermeture en cuir véritable. Un compagnon élégant et robuste pour l’été, parfait pour toutes vos escapades, vos courses ou vos journées à la plage.

✨ Un sac intemporel au charme naturel
🧵 Artisanat marocain : Tressé à la main par des artisans locaux, chaque sac est une pièce unique façonnée avec passion.
🌾 Matière naturelle : Paille de palmier tressée pour un rendu texturé authentique, résistant et esthétique.
👜 Poignée et fermeture en cuir : Une poignée courte pour un porté main élégant, accompagnée d’une fermeture ceinture en cuir — un combo pratique et stylé pour vos sorties du quotidien !
📏 Dimensions généreuses : Suffisamment grand pour accueillir tout ce dont vous avez besoin ( serviettes, portefeuille, courses, bouquin, etc.), 45 cm de largeur / 17,71 pouces x 20 cm de hauteur / 7,87 pouces.
🎯 Polyvalent : Parfait comme sac de marché, sac à main d’été ou même comme rangement déco à la maison.

🧼 Conseil d’entretien : Nettoyer délicatement avec un chiffon sec ou légèrement humide. Ne pas immerger.

📦 Livraison rapide en point relais
Une fois votre commande validée, merci de m’indiquer vos coordonnées ainsi que le point relais souhaité pour une expédition rapide. Vous pouvez aussi l’ajouter en commentaire de commande.

💌 Envie d’un tabouret sur mesure ?
Contactez-moi pour adapter ce panier selon vos envies !",53.06,EUR,1,"sac_en_paille_cuir,panier_osier_cuir,sac_cabas_été,sac_paille_artisanal,sac_plage_bohème,panier_marocain_cuir,sac_cabas_naturel,sac_en_osier_fait_main,sac_paille_anses_cuir,panier_bohème_chic,sac_cabas_rustique,sac_marché_été,panier_plage_femme","Peau de vache,Paille,Rotin",https://i.etsystatic.com/35406440/r/il/7e748f/7029827017/il_fullxfull.7029827017_eg5x.jpg,https://i.etsystatic.com/35406440/r/il/d05c1d/6981848094/il_fullxfull.6981848094_6442.jpg,https://i.etsystatic.com/35406440/r/il/7b722f/7029826973/il_fullxfull.7029826973_koz7.jpg,https://i.etsystatic.com/35406440/r/il/afe4f0/7029827345/il_fullxfull.7029827345_i6qg.jpg,https://i.etsystatic.com/35406440/r/il/1d5319/6981848380/il_fullxfull.6981848380_ic09.jpg,https://i.etsystatic.com/35406440/r/il/aec294/7029827369/il_fullxfull.7029827369_d2el.jpg,https://i.etsystatic.com/35406440/r/il/58f43e/7029827321/il_fullxfull.7029827321_5428.jpg,https://i.etsystatic.com/35406440/r/il/ada5ed/7029827005/il_fullxfull.7029827005_55zc.jpg,https://i.etsystatic.com/35406440/r/il/a84205/6981848078/il_fullxfull.6981848078_8ngl.jpg,https://i.etsystatic.com/35406440/r/il/ef965e/6981848096/il_fullxfull.6981848096_ouji.jpg,,,,,,,,,,
"Pochette Zippée Velours Brocard Marocain - Trousse Maquillage Artisanale - Sac à Main Ethnique Fait Main - 10 teintes raffinées","**PRECOMMANDE - Expédition rapide dès réception**

Ajoutez une touche de luxe, d’histoire et d’exotisme à vos accessoires avec cette élégante pochette en tissu brocard marocain. Un véritable trésor artisanal, chargé de charme et d’authenticité, parfait pour organiser vos essentiels avec style.

✨ Un accessoire unique, fruit d’un savoir-faire ancestral
- Fabrication artisanale : Chaque pochette est soigneusement fabriquée à la main par des artisans marocains, selon des techniques traditionnelles transmises de génération en génération. Vous possédez ainsi une pièce unique, empreinte d’histoire et de passion.
- Matériau d’exception : Réalisée en tissu brocard marocain de haute qualité, célèbre pour ses motifs finement brodés, son velours somptueux et son éclat unique. Disponible en 10 teintes raffinées pour s’adapter à tous les goûts et toutes les occasions.
- Format pratique et polyvalent : Avec des dimensions idéales de 26 cm x 19 cm, cette pochette est parfaite pour vos cosmétiques, vos accessoires de voyage, vos petits objets du quotidien, ou même comme un élégant sac à main pour une soirée.
- Fermeture sécurisée : Dotée d’une fermeture éclair robuste, elle garantit la sécurité de vos effets personnels, vous offrant tranquillité d’esprit et praticité.

🧼 Conseils d’entretien : Pour préserver son éclat, sa beauté et la richesse de ses couleurs, privilégiez un nettoyage à sec.

### Livraison en point relais :
Dès que vous avez passé votre commande, merci de me transmettre vos coordonnées et de préciser le point relais souhaité pour une expédition rapide. Vous pouvez également mentionner ces informations dans les commentaires de votre commande. (Pensez à vérifier vos spams afin de ne pas manquer mes messages.)

Offrez-vous un accessoire raffiné et intemporel, conçu avec amour et passion, qui apportera une touche d’exotisme à votre quotidien. Cette pochette est également une excellente idée cadeau, idéale pour faire plaisir à un être cher.

Besoin de dimensions personnalisées ou d’une autre couleur ? N’hésitez pas à me contacter !",17.13,EUR,31,"Pochette_velours,Brocard_marocain,Fait_main,Trousse_maquillage,Sac_à_main_ethnique,Artisanat_marocain,Accessoire_femme,Cadeau_unique,Tissu_brodé,Pochette_zippée,Style_bohème,Maroquinerie,Velours","Brocard velours,Fils dorés",https://i.etsystatic.com/35406440/r/il/43f4b5/7577950567/il_fullxfull.7577950567_rfy1.jpg,https://i.etsystatic.com/35406440/r/il/ffd484/7577948029/il_fullxfull.7577948029_43ry.jpg,https://i.etsystatic.com/35406440/r/il/3512c1/7577947791/il_fullxfull.7577947791_j5rt.jpg,https://i.etsystatic.com/35406440/r/il/360077/7577947971/il_fullxfull.7577947971_l4d9.jpg,https://i.etsystatic.com/35406440/r/il/2f942e/7530007100/il_fullxfull.7530007100_k0zi.jpg,https://i.etsystatic.com/35406440/r/il/0351ab/7530008698/il_fullxfull.7530008698_roi5.jpg,https://i.etsystatic.com/35406440/r/il/2947eb/7530007206/il_fullxfull.7530007206_m1cw.jpg,https://i.etsystatic.com/35406440/r/il/164c1a/7530007204/il_fullxfull.7530007204_7uz0.jpg,https://i.etsystatic.com/35406440/r/il/6bcb38/7577947861/il_fullxfull.7577947861_n8qn.jpg,https://i.etsystatic.com/35406440/r/il/887fc2/7577947871/il_fullxfull.7577947871_qdf6.jpg,Couleur,"Couleur principale","Noir,Vert,Gris,Orange,Rouge,Jaune,Bleu Majorelle,Bleu clair,Rose Bonbon,Rose clair",,,,,,,
"Échelle Décorative en Bois Brut - Porte-Serviettes Bohème","**PRECOMMANDE - Expédition rapide dès réception**

🌿 Apportez une touche bohème et élégante à votre intérieur
Craquez pour cette superbe échelle décorative en bois brut, entièrement fabriquée à la main par des artisans passionnés. Son design épuré, sa teinte chaleureuse et ses irrégularités naturelles en font un élément de décoration unique, parfait pour un intérieur à l’ambiance naturelle, authentique et relaxante.

✨ Un accessoire décoratif polyvalent
Cette échelle en bois s’adapte harmonieusement à différents espaces et usages, ajoutant à la fois style et praticité :
- Salle de bain : Idéale comme porte-serviettes pour une atmosphère spa, raffinée et organisée. Suspendez-y vos serviettes, peignoirs ou accessoires de bain.
- Chambre ou dressing : Un rangement pratique et esthétique pour suspendre vos vêtements, foulards, bijoux ou accessoires, gardant votre espace ordonné et stylé.
- Salon ou entrée : Apporte une touche bohème, rustique et chaleureuse à votre décoration murale. Accrochez-y des plaids, des magazines ou des plantes pour un effet des plus charmants.
- Boutique ou espace professionnel : Un support original et tendance pour mettre en valeur textiles, objets décoratifs ou produits artisanaux, attirant l’œil de vos clients.

🌍 Un savoir-faire artisanal et écoresponsable
Chaque pièce est fabriquée à la main à partir de bois naturel, lui conférant des irrégularités et nuances uniques qui font tout son charme.

📏 Dimensions approximatives 
- Hauteur : 140 cm / 55,11 pouces
- Largeur : 40 cm / 15,74 pouces
- Hauteur : 160 cm / 62,99 pouces
- Largeur : 40 cm / 15,74 pouces

📦 Livraison en point relais
Dès validation de votre commande, merci de me transmettre vos coordonnées et le point relais souhaité pour une expédition rapide. Vous pouvez également préciser ces informations dans les commentaires de votre commande.

💌 Personnalisation disponible
Besoin d’une autre dimension ou d’une finition spécifique ? Contactez-moi pour une création sur mesure ! 😊",47.33,EUR,13,"Échelle_décorative,Porte-serviettes_bois,Échelle_Eucalyptus,Échelle_salle_bain,Décoration_bohème,Décoration_rustique,Meuble_de_rangement,Porte-couvertures,Échelle_en_bois,Décoration_intérieure,Fait_à_la_main,Design_minimaliste,Rangement_vertical",Bois,https://i.etsystatic.com/35406440/r/il/1b4c89/7351280483/il_fullxfull.7351280483_k9g8.jpg,https://i.etsystatic.com/35406440/r/il/c27fe6/7303329064/il_fullxfull.7303329064_lb4x.jpg,https://i.etsystatic.com/35406440/r/il/4c4c51/7351278799/il_fullxfull.7351278799_lo7w.jpg,https://i.etsystatic.com/35406440/r/il/206775/7303329052/il_fullxfull.7303329052_itqd.jpg,https://i.etsystatic.com/35406440/r/il/39cfc3/7351278767/il_fullxfull.7351278767_p4yv.jpg,,,,,,Hauteur,Hauteur,"1,1.4,1.6",,,,,,,
"Suspension Demi-Boule Feuille de Palmier - Luminaire Naturel Bohème - Abat-jour Artisanal Osier Fait Main","**PRECOMMANDE - Expédition rapide dès réception**

🌿 Une suspension élégante et chaleureuse pour une ambiance douce
Apportez une atmosphère douce et naturelle à votre intérieur avec cette magnifique suspension en forme de demi-sphère, entièrement tressée à la main à partir de feuilles de palmier. Son tressage dense et régulier diffuse une lumière chaleureuse et tamisée, créant une ambiance apaisante, parfaite pour un intérieur bohème, minimaliste, méditerranéen ou scandinave.

✨ Un luminaire artisanal polyvalent et éco-responsable
Avec sa silhouette douce et sa matière brute, cette suspension s’adapte harmonieusement à toutes les pièces de votre maison :
- Salle à manger : Accrochée au-dessus d’une table, elle crée un effet cocon et convivial, idéal pour les repas en famille ou entre amis.
- Salon ou coin lecture : Elle offre une lumière douce et naturelle, parfaite pour des moments de détente et de sérénité.
- Entrée ou chambre : Ajoute une touche décorative éthique et chaleureuse, accueillant vos invités ou créant une atmosphère propice au repos.
- Terrasse couverte : Pour un extérieur au charme bohème et méditerranéen (attention : éviter le contact direct avec la pluie pour préserver le matériau).

📏 Dimensions approximatives (Diamètre)
- 30 cm / 11,81 pouces
- 40 cm / 15,75 pouces
- 50 cm / 19,68 pouces
Les dimensions et les couleurs peuvent légèrement varier en raison du travail manuel.

💡 Douille et câble non inclus, mais compatibles avec tout kit électrique standard.

🌍 Un produit éthique et fait main
Chaque suspension est réalisée artisanalement au Maroc, selon un savoir-faire ancestral. Les feuilles de palmier utilisées sont locales, biodégradables et durables. Une vraie alternative écologique aux luminaires industriels.

🧼 Conseils d’entretien
- Dépoussiérer avec un chiffon sec ou une brosse douce
- Éviter l’humidité prolongée et le plein soleil direct

📦 Livraison rapide en point relais
Une fois votre commande validée, merci de m’indiquer vos coordonnées ainsi que le point relais souhaité pour une expédition rapide. Vous pouvez aussi l’ajouter en commentaire de commande.

💌 Envie d’un tabouret sur mesure ?
Contactez-moi pour choisir vos couleurs ou dimensions personnalisées !",30.5,EUR,16,"Suspension_luminaire,Feuille_de_palmier,Fait_main,Abat-jour_artisanal,Luminaire_bohème,Décoration_naturelle,Artisanat_marocain,Suspension_demi-boule,Éclairage_intérieur,Style_ethnique,Fibre_naturelle,Cadeau_unique,Déco_durable",Rotin,https://i.etsystatic.com/35406440/r/il/87f6a3/7584421985/il_fullxfull.7584421985_9gzp.jpg,https://i.etsystatic.com/35406440/r/il/f8c5f2/7536496224/il_fullxfull.7536496224_27tk.jpg,https://i.etsystatic.com/35406440/r/il/2c7688/7584419117/il_fullxfull.7584419117_ledi.jpg,https://i.etsystatic.com/35406440/r/il/f6cf93/7536475476/il_fullxfull.7536475476_1woq.jpg,https://i.etsystatic.com/35406440/r/il/10e7ac/7584419045/il_fullxfull.7584419045_t68h.jpg,https://i.etsystatic.com/35406440/r/il/e20002/7536475466/il_fullxfull.7536475466_l6r8.jpg,https://i.etsystatic.com/35406440/r/il/566bd9/7536475534/il_fullxfull.7536475534_4637.jpg,,,,"Propriété personnalisée",Diamétre,"30cm,40cm,50cm",,,,,,,
"Suspension boule en paille tressée – Abat-jour bohème pour une ambiance naturelle et chaleureuse","**PRECOMMANDE - Expédition rapide dès réception**

Apportez une ambiance bohème et chaleureuse à votre intérieur avec cette magnifique suspension en forme de boule en paille tressée à la main. Son design naturel et aérien crée une lumière douce et apaisante, idéale pour toutes les pièces de la maison.

🌿Polyvalence et Élégance
Cette suspension artisanale s’adapte à différents espaces et styles décoratifs :
- Salon ou salle à manger : Apporte une touche naturelle et tendance au-dessus d’une table ou d’un coin détente.
- Chambre : Crée une atmosphère cosy et chaleureuse pour un intérieur apaisant.
- Terrasse couverte ou véranda : Parfaite pour une déco bohème et un éclairage doux en extérieur.
- Espace commercial : Idéale pour restaurants, boutiques ou cafés recherchant une décoration authentique et accueillante.

✨Une Alternative Écoresponsable
Fabriquée en fibres naturelles, cette suspension est une alternative écologique aux luminaires industriels. Chaque pièce est unique, tressée à la main avec soin, ce qui peut entraîner de légères variations de teinte et de forme, gage d’un artisanat authentique.

📏Dimensions approximatives (diamètre x hauteur) :
- Petite suspension : 40 x 30 cm
- Moyenne suspension : 50 x 40 cm
- Grande suspension : 60 x 40 cm

Les dimensions et les couleurs peuvent légèrement varier en raison du travail manuel.
💡 Douille et câble non inclus, mais compatibles avec tout kit électrique standard.


📦Livraison en point relais :
Une fois votre commande validée, merci de m’indiquer vos coordonnées ainsi que le point relais souhaité pour une expédition rapide. Vous pouvez aussi l’ajouter en commentaire de commande.

Besoin d’une taille personnalisée ? N’hésitez pas à me contacter.",32.5,EUR,14,"suspension_paille,luminaire_bohème,lampe_en_fibres_naturelles,suspension_palmier,suspension_artisanale,luminaire_fait_main,lampe_bohème_chic,suspension_naturelle,luminaire_ethnique,déco_bohème,suspension_franges,lampe_méditerranéenne,luminaire_écologique",Rotin,https://i.etsystatic.com/35406440/r/il/5a152b/7847258982/il_fullxfull.7847258982_7kb3.jpg,https://i.etsystatic.com/35406440/r/il/f88891/7529722228/il_fullxfull.7529722228_7oqv.jpg,https://i.etsystatic.com/35406440/r/il/da8dd5/7529722232/il_fullxfull.7529722232_8wll.jpg,https://i.etsystatic.com/35406440/r/il/695f8e/7577661867/il_fullxfull.7577661867_6nml.jpg,https://i.etsystatic.com/35406440/r/il/b85151/7577661861/il_fullxfull.7577661861_b221.jpg,https://i.etsystatic.com/35406440/r/il/d75c70/7577661831/il_fullxfull.7577661831_aym5.jpg,https://i.etsystatic.com/35406440/r/il/db16b8/7577661823/il_fullxfull.7577661823_e7o8.jpg,https://i.etsystatic.com/35406440/r/il/a09446/7577661821/il_fullxfull.7577661821_7gu3.jpg,https://i.etsystatic.com/35406440/r/il/6dbb00/7577661843/il_fullxfull.7577661843_o9nm.jpg,,"Propriété personnalisée",Diamètre,"40 cm,50 cm,60 cm,70 cm",,,,,,,
"Handmade Raffia Wall Sconce - Natural Boho Chic Wall Decor - Moroccan Handcrafted Hanging Lampshade","**PRE-ORDER - Fast shipping upon receipt**

🌿Bring a touch of authenticity and serenity to your home with this magnificent raffia wall light, meticulously handwoven by artisans in Morocco. Ideal for boho, ethnic, or natural decor, this unique piece combines craftsmanship and refined design. 🌿.

✨ A versatile light fixture for every space
Perfect as a wall lamp for a bedroom, a welcoming entryway, a cozy living room, or even a covered patio, it pairs beautifully with wood, linen, or other raw materials, creating a soft and soothing ambiance.

💡 Handmade and natural characteristics:
- Unique handcrafted: Each wall light is a work of art, hand-woven in Morocco, guaranteeing an exclusive piece full of character.
- 100% natural material: Made from pure raffia, derived from palm leaves, for an authentic and organic look that respects the environment.
- Robust structure: Equipped with a solid metal frame, it ensures exceptional durability and perfect support once installed on the wall.
- Soft lighting ambiance: The delicate weaving of the raffia diffuses a subdued light, casting subtle shadows that create a cozy and inviting atmosphere.

📏 Approximate dimensions (height x width x depth):
- 25 × 20 × 12.5 cm / 9.84 x 7.87 x 4.92 inches
- 30 × 20 × 12.5 cm / 11.81 x 7.87 x 4.92 inches

Each piece is unique and may present slight variations in shape or color, specific to manual craftsmanship.

Easy installation: Sold without an electrical kit – simply slide your cable through the provided opening. Compatible with LED bulbs only 💡.

📦 Delivery to a relay point
Once your order has been confirmed, please send me your contact information and the preferred collection point for hassle-free shipping. You can also include this information in the comments section of your order.

💌 Customization possible
Would you like a different size or a specific model? Don't hesitate to contact me!",30.2,EUR,6,"Applique_murale,Raphia,Fait_main,Décoration_bohème,Luminaire_naturel,Abat-jour_suspendu,Artisanat_marocain,Lampe_murale,Déco_ethnique,Style_scandinave,Fibre_naturelle,Éclairage_intérieur,Cadeau_unique","Métal,Rotin",https://i.etsystatic.com/35406440/r/il/cd683f/6967307550/il_fullxfull.6967307550_t27j.jpg,https://i.etsystatic.com/35406440/r/il/7afb89/7015283295/il_fullxfull.7015283295_7q8f.jpg,https://i.etsystatic.com/35406440/r/il/c783a1/7015284087/il_fullxfull.7015284087_mal0.jpg,https://i.etsystatic.com/35406440/r/il/9eb6d8/7015283723/il_fullxfull.7015283723_3g5m.jpg,https://i.etsystatic.com/35406440/r/il/83c30b/7015281265/il_fullxfull.7015281265_7w1w.jpg,https://i.etsystatic.com/35406440/r/il/b32eaf/7015281505/il_fullxfull.7015281505_134m.jpg,https://i.etsystatic.com/35406440/r/il/60e606/6967308330/il_fullxfull.6967308330_9tw3.jpg,https://i.etsystatic.com/35406440/r/il/2ac618/7015282255/il_fullxfull.7015282255_6giw.jpg,https://i.etsystatic.com/35406440/r/il/aa84e8/6967308860/il_fullxfull.6967308860_bkgg.jpg,,Hauteur,Hauteur,"25,30",,,,,,,
"Tabouret marocain artisanal en bois et corde vert","**PRECOMMANDE - Expédition rapide dès réception**

🌿 Apportez une touche naturelle et bohème à votre intérieur
Craquez pour ce magnifique tabouret marocain fait main, tissé en corde verte et paille naturelle, sur une structure en bois brut. Son contraste de textures et de couleurs en fait une pièce authentique et pleine de charme, idéale pour sublimer une déco bohème, rustique ou ethnique.

✨ Un meuble artisanal et multifonction
Ce tabouret est à la fois pratique et décoratif :
- Assise d’appoint : Parfait dans une entrée, un salon ou une chambre.
- Repose-pieds confortable : À placer près d’un fauteuil ou canapé.
- Support déco : Mettez-y vos plantes, paniers ou objets fétiches.
- Meuble enfant : Sa hauteur et sa légèreté conviennent aussi aux plus petits.

📏 Dimensions approximatives (hauteur x largeur x longueur) :
- 30 x 30 x 30 cm / 11,81 x 11,81 x 11,81 pouces
- 40 x 30 x 30 cm / 15,74 x 11,81 x 11,81 pouces

Chaque pièce étant réalisée à la main, les dimensions peuvent légèrement varier, ajoutant à leur unicité.

🌍 Une pièce éthique et durable
Fabriqué artisanalement au Maroc, ce tabouret est le fruit d’un savoir-faire transmis de génération en génération. Bois brut non traité, tressage mixte en corde et feuille de palmier : chaque détail reflète un engagement pour l’artisanat et l’écoresponsabilité.

🧼 Conseils d’entretien
Dépoussiérer avec un chiffon sec. Éviter l’humidité prolongée et l’exposition directe au soleil.

📦 Livraison rapide en point relais
Dès validation de votre commande, merci de me transmettre vos coordonnées ainsi que le point relais souhaité pour une expédition sans attente. Vous pouvez aussi mentionner ces informations dans les commentaires de votre commande.

💌 Envie d’un tabouret sur mesure ?
Contactez-moi pour choisir vos couleurs ou dimensions personnalisées !",39.9,EUR,3,"Tabouret_marocain,Tabouret_bois,Corde_tressée,Repose-pieds_bois,Déco_bohème,Meuble_artisanal,Fait_main,Style_rustique,Tabouret_vert,Décoration_salon,Tabouret_cuisine,Cadeau_pendaison,Meuble_éco-responsable","Paille,Corde,Bois",https://i.etsystatic.com/35406440/r/il/f42a0b/7324213536/il_fullxfull.7324213536_t8ir.jpg,https://i.etsystatic.com/35406440/r/il/5d7129/7303310792/il_fullxfull.7303310792_1gt4.jpg,https://i.etsystatic.com/35406440/r/il/6dc6a9/7303311210/il_fullxfull.7303311210_lqdx.jpg,https://i.etsystatic.com/35406440/r/il/5827f0/7345920091/il_fullxfull.7345920091_iuf8.jpg,https://i.etsystatic.com/35406440/r/il/6e9452/7345920085/il_fullxfull.7345920085_1buj.jpg,https://i.etsystatic.com/35406440/r/il/1bc7b7/7297970944/il_fullxfull.7297970944_hxq8.jpg,https://i.etsystatic.com/35406440/r/il/709558/7345920095/il_fullxfull.7345920095_kkfh.jpg,,,,Hauteur,Hauteur,"30,40",,,,,,,
"Tabouret marocain en bois et corde vert – Meuble artisanal bohème","**PRECOMMANDE - Expédition rapide dès réception**

🌿 Apportez une touche naturelle et bohème à votre intérieur
Craquez pour ce magnifique tabouret marocain fait main, tissé avec soin en corde vert sur une structure en bois brut. Son style minimaliste et authentique en fait une pièce élégante, parfaite pour sublimer une déco naturelle, bohème, rustique ou ethnique.

✨ Un meuble artisanal et multifonction
Ce tabouret est à la fois pratique et décoratif :
- Assise d’appoint : Parfait dans une entrée, un salon ou une chambre.
- Repose-pieds confortable : Idéal à placer près d’un fauteuil ou d’un canapé.
- Support déco : Mettez en valeur vos plantes, paniers ou objets préférés.
- Mobilier enfant : Sa légèreté et sa taille conviennent aussi aux plus petits.

📏 Dimensions approximatives :
- Hauteur : 30 cm / 11,81 pouces
- Largeur : 30 x 30 cm / 11,81 x 11,81 pouces

Chaque pièce étant réalisée à la main, les dimensions peuvent légèrement varier, ajoutant à leur unicité et leur charme.

🌍 Une pièce éthique et durable
Ce tabouret est le fruit du travail d’artisans marocains qui perpétuent un savoir-faire ancestral. Fabriqué à partir de bois brut non traité et de corde solide, il est à la fois robuste, écoresponsable et esthétique.

🧼 Conseils d’entretien
Nettoyez avec un chiffon sec. Évitez toute exposition prolongée à l’humidité et au soleil direct afin de préserver ses couleurs et sa forme.

📦 Livraison rapide en point relais
Dès validation de votre commande, merci de me transmettre vos coordonnées ainsi que le point relais souhaité pour une expédition sans attente. Vous pouvez aussi mentionner ces informations dans les commentaires de votre commande.

💌 Envie d’un tabouret sur mesure ?
Contactez-moi pour choisir vos couleurs ou dimensions personnalisées !",39.9,EUR,4,"Tabouret_marocain,Tabouret_artisanal,Tabouret_en_bois,Tabouret_bohème,Meuble_déco_ethnique,Tabouret_fait_main,Repose-pieds_artisanal,Tabouret_enfant_bois,Tabouret_paille_corde,Petit_tabouret_déco,Mobilier_enfants,Tabouret_naturel,Meuble_dappoint_bohème","Bois,Corde,Corde Kaki",https://i.etsystatic.com/35406440/r/il/4fc791/7303354454/il_fullxfull.7303354454_alhz.jpg,https://i.etsystatic.com/35406440/r/il/b241bc/7303352860/il_fullxfull.7303352860_7ndw.jpg,https://i.etsystatic.com/35406440/r/il/83283b/7303352852/il_fullxfull.7303352852_lov4.jpg,https://i.etsystatic.com/35406440/r/il/bc584e/7303352840/il_fullxfull.7303352840_8ybj.jpg,https://i.etsystatic.com/35406440/r/il/0a1b52/7351303249/il_fullxfull.7351303249_o8l9.jpg,,,,,,,,,,,,,,,
"Suspension Luminaire Cône en Feuille de Palmier - Abat-jour Bohème Naturel Fait Main","**PRECOMMANDE - Expédition rapide dès réception**

🌿 Un luminaire tout en légèreté et en poésie
Craquez pour cette suspension en forme de cône ajouré, soigneusement tressée à la main à partir de feuilles de palmier naturelles. Son tressage aéré permet une diffusion douce et poétique de la lumière, créant une atmosphère chaleureuse et apaisante dans n’importe quelle pièce de la maison.

✨ Un luminaire décoratif, naturel et polyvalent
Parfait pour une déco bohème, minimaliste ou ethnique chic, cet abat-jour sublimera toutes les pièces de la maison :
- Dans un salon ou au-dessus de la table à manger pour un effet sculptural
- Dans une chambre pour une ambiance apaisante
- Dans une entrée pour une touche naturelle dès l’accueil
- Sur une terrasse couverte ou une véranda

📏 Dimensions approximatives
- Diamètre  : 25 cm / 9,84 pouces - Hauteur : 35 cm / 13,77 pouces
- Diamètre  : 35 cm / 13,77 pouces - Hauteur : 40 cm / 15,74 pouces

Les dimensions et les couleurs peuvent légèrement varier en raison du travail manuel, garantissant une pièce unique.

🌍 Artisanat marocain durable et éthique
Chaque suspension est réalisée à la main à partir de feuilles de palmier locales, selon un savoir-faire ancestral transmis de génération en génération. Une belle alternative écologique aux luminaires industriels, soutenant l'artisanat local.

🧼 Conseils d’entretien
- Dépoussiérage à sec ou avec une brosse douce
- Éviter l’humidité prolongée et l’exposition directe au soleil

📦 Livraison rapide en point relais
Une fois votre commande validée, merci de m’indiquer vos coordonnées ainsi que le point relais souhaité pour une expédition rapide. Vous pouvez aussi l’ajouter en commentaire de commande.

💌 Envie d’un luminaire sur mesure ?
Contactez-moi pour choisir vos couleurs ou dimensions personnalisées !",23.86,EUR,20,"Suspension_palmier,Abat-jour_bohème,Luminaire_naturel,Déco_ethnique_chic,Fait_main_Maroc,Éclairage_artisanal,Lampe_paille,Design_écologique,Décoration_intérieure,Cadeau_unique,Fibre_naturelle,Suspension_tressée,Lumière_douce",Rotin,https://i.etsystatic.com/35406440/r/il/3ee1df/7537666840/il_fullxfull.7537666840_7j2p.jpg,https://i.etsystatic.com/35406440/r/il/4fbab2/7314143420/il_fullxfull.7314143420_c8v0.jpg,https://i.etsystatic.com/35406440/r/il/c1aee7/7377028740/il_fullxfull.7377028740_924g.jpg,https://i.etsystatic.com/35406440/r/il/fba56f/7314144358/il_fullxfull.7314144358_o0h1.jpg,https://i.etsystatic.com/35406440/r/il/45bd0b/7314143428/il_fullxfull.7314143428_2by5.jpg,,,,,,"Propriété personnalisée",Diamètre,"25 cm,35 cm",,,,,,,
"Lot de petits miroirs artisanaux marocains dorés – 5 designs au choix élégants et authentiques","**PRECOMMANDE – Expédition rapide dès réception**
Sublimez votre décoration avec ces superbes miroirs artisanaux en laiton doré, déclinés en différents formats et designs uniques. Réalisés à la main, ils apportent un charme authentique et une élégance intemporelle, parfaite pour une touche bohème chic dans votre intérieur.

✨ Des lots personnalisables à partir de 3 miroirs
Composez votre propre assortiment à partir de 3 miroirs minimum, en choisissant parmi 5 formes différentes. Ces lots sont parfaits pour créer une composition murale sur-mesure, adaptée à votre style et à votre espace.

🌟 5 Modèles de Miroirs Artisanaux – Des Formes Variées pour Tous les Styles
- Miroir Goutte
- Miroir Œil allongé
- Miroir Fenêtre
- Miroir Rond
- Miroir Octogone

📏 Dimensions approximatives (cadre inclus - Hauteur x Largeur)
- Miroir Goutte : 14 cm x 11 cm / 5,51 pouces x 4,33 pouces
- Miroir Œil allongé : 14 cm x 11 cm / 5,51 pouces x 4,33 pouces
- Miroir Fenêtre : 14 cm x 11 cm / 5,51 pouces x 4,33 pouces
- Miroir Rond (Diamètre): 12 cm / 4,72 pouces
- Miroir Octogone : 13 cm x 13 cm / 5,11 pouces x 5,11 pouces

Chaque miroir étant fait main, de légères différences peuvent apparaître, rendant chaque miroir unique.

🌿 Une décoration élégante et unique
Ces miroirs s’intègrent parfaitement dans différents styles de décoration grâce à leur design polyvalent :
- Ambiance bohème chic : Accrochez-les au mur pour une déco chaleureuse et authentique, parfaite dans un salon, une chambre ou une entrée.
- Décoration de table : Placez-les sur une console ou une table basse pour refléter la lumière et sublimer vos objets déco.
- Collection murale : Associez plusieurs modèles pour créer une composition murale originale et personnalisée.
Leur cadre doré martelé illumine n’importe quelle pièce et apporte une touche d’éclat subtile et raffinée.

✨ Un savoir-faire artisanal
Chaque miroir est soigneusement façonné à la main par des artisans marocains expérimentés, utilisant des techniques ancestrales. Le cadre en laiton doré est légèrement martelé, ce qui donne une texture unique et irrégulière à chaque pièce, garantissant un rendu authentique et artisanal.

🧼 Conseils d’entretien :
Le laiton peut s’oxyder légèrement avec le temps ou l’humidité. Pour conserver son éclat, nettoyez-le délicatement avec un chiffon doux et un produit adapté aux métaux.

📦 Livraison en point relais :
Dès que vous avez passé votre commande, merci de me transmettre vos coordonnées et de préciser le point relais souhaité pour une expédition rapide. Vous pouvez également mentionner ces informations dans les commentaires de votre commande. (Pensez à vérifier vos spams afin de ne pas manquer mes messages.)

Ajoutez une touche d’artisanat authentique à votre décoration tout en optant pour un rangement pratique et esthétique !

Besoin de dimensions ou de modèles spécifiques ? N’hésitez pas à me contacter.",22,EUR,4,"Miroir_artisanal_marocain,Miroir_en_laiton_doré,Décoration_murale_bohème,Miroir_design_fenêtre,Miroir_fait_main,Déco_intérieure_marocaine,Miroir_doré_martelé,Artisanat_marocain,Miroir_vintage_chic,Petite_déco_murale,Accessoire_déco_bohème,Miroir_authentique,Déco_dorée_élégante","Verre,Cuivre doré,Laiton doré,Cuivre,Laiton",https://i.etsystatic.com/35406440/r/il/fa25ae/6606182057/il_fullxfull.6606182057_66ck.jpg,https://i.etsystatic.com/35406440/r/il/59b380/6558059360/il_fullxfull.6558059360_cj0q.jpg,https://i.etsystatic.com/35406440/r/il/dd0333/6558059192/il_fullxfull.6558059192_sg71.jpg,https://i.etsystatic.com/35406440/r/il/66b153/6558059364/il_fullxfull.6558059364_mzk5.jpg,https://i.etsystatic.com/35406440/r/il/49cf33/6606182247/il_fullxfull.6606182247_pq1z.jpg,https://i.etsystatic.com/35406440/r/il/be7539/6558059358/il_fullxfull.6558059358_abtx.jpg,https://i.etsystatic.com/35406440/r/il/ecc26e/6606182049/il_fullxfull.6606182049_s15n.jpg,,,,"Propriété personnalisée",Lot,"3 Miroirs,4 Miroirs,5 Miroirs",,,,,,,
"Large Embroidered Moroccan Tote Bag - Chic & Colorful Oriental Fabric - Shoulder Bag with Interior Pocket - 13 Colors","**PRE-ORDER - Fast shipping upon receipt**

🧵 Add a touch of artisanal elegance and exoticism to your everyday life with this large embroidered fabric tote bag with oriental motifs. Available in 13 vibrant colors, it combines style, practicality, and tradition in a generous and unique format, perfect for all your occasions.

✨ A chic, practical and authentic tote bag
- Handmade: This bag is entirely handmade by Moroccan artisans, guaranteeing a piece full of soul, authenticity and ancestral know-how. Each bag is unique!
- Premium Fabric: Made from a richly embroidered fabric with geometric patterns inspired by oriental art. Its colorful and chic design makes it a real visual favorite and a must-have fashion accessory.
- Generous and functional dimensions: With its 60 cm width (23.62 inches) and 35 cm height (13.78 inches), and comfortable handles of 30 cm (11.81 inches), this bag is perfect for carrying everything with you: shopping, beach gear, documents, or as a travel bag.
- Functional and secure: Equipped with a magnetic snap button for easy and quick closure, as well as an interior zippered pocket to keep your small valuables safe and organized.

🎁 The perfect gift: This tote bag is the perfect gift to please a special woman in your life: mom, sister, friend, or partner, who appreciates craftsmanship, boho style and unique accessories.

🧼 Easy care: Gentle hand cleaning recommended to preserve the beauty of the embroidered fabric and the vibrancy of the colors.

📦 Fast delivery to a relay point
Once your order is confirmed, please provide your contact details and preferred pickup point for expedited shipping. You can also add this information in the order comments.

💌 Want a custom-made stool?
Contact me to choose your custom colors or dimensions!",39.2,EUR,15,"Sac_cabas,Brodé,Marocain,Tissu_oriental,Fait_main,Sac_porté_épaule,Sac_de_plage,Sac_de_voyage,Artisanat_marocain,Cadeau_femme,Style_bohème,Sac_fourre-tout,Pochette_intérieure","Brocade,Nylon,Microfibres",https://i.etsystatic.com/35406440/r/il/253bfe/6992064555/il_fullxfull.6992064555_grcf.jpg,https://i.etsystatic.com/35406440/r/il/c2c678/6992067851/il_fullxfull.6992067851_sohf.jpg,https://i.etsystatic.com/35406440/r/il/a71b9a/6944097944/il_fullxfull.6944097944_kjxw.jpg,https://i.etsystatic.com/35406440/r/il/0bc2e5/6992064547/il_fullxfull.6992064547_ewo5.jpg,https://i.etsystatic.com/35406440/r/il/d77144/6992064539/il_fullxfull.6992064539_4yv9.jpg,https://i.etsystatic.com/35406440/r/il/bc199d/6992064827/il_fullxfull.6992064827_i36m.jpg,https://i.etsystatic.com/35406440/r/il/c051da/6944099240/il_fullxfull.6944099240_1vnz.jpg,https://i.etsystatic.com/35406440/r/il/ea5a88/6944099508/il_fullxfull.6944099508_8tuz.jpg,,,Couleur,"Couleur principale","Noir,Vert,Rouge,Rose Bonbon,Rose clair,Gris foncé,Orange,Jaune,Violet,Bleu Majorelle,Bleu Azur,Bleu clair,Ocre rouge",,,,,,,
"Tabouret marocain artisanal en bois et corde – Siège bohème en paille naturelle tressée","**PRECOMMANDE - Expédition rapide dès réception**

🌿 Apportez une touche naturelle et bohème à votre intérieur
Craquez pour ce magnifique tabouret marocain fait main, tissé en corde verte et paille naturelle, sur une structure en bois brut. Son contraste de textures et de couleurs en fait une pièce authentique et pleine de charme, idéale pour sublimer une déco bohème, rustique ou ethnique.

✨ Un meuble artisanal et multifonction
Ce tabouret est à la fois pratique et décoratif :
- Assise d’appoint : Parfait dans une entrée, un salon ou une chambre.
- Repose-pieds confortable : À placer près d’un fauteuil ou canapé.
- Support déco : Mettez-y vos plantes, paniers ou objets fétiches.
- Meuble enfant : Sa hauteur et sa légèreté conviennent aussi aux plus petits.

📏 Dimensions approximatives (hauteur x largeur x longueur) :
- 30 x 30 x 30 cm / 11,81 x 11,81 x 11,81 pouces
- 40 x 30 x 30 cm / 15,74 x 11,81 x 11,81 pouces

Chaque pièce étant réalisée à la main, les dimensions peuvent légèrement varier, ajoutant à leur unicité.

🌍 Une pièce éthique et durable
Fabriqué artisanalement au Maroc, ce tabouret est le fruit d’un savoir-faire transmis de génération en génération. Bois brut non traité, tressage mixte en corde et feuille de palmier : chaque détail reflète un engagement pour l’artisanat et l’écoresponsabilité.

🧼 Conseils d’entretien
Dépoussiérer avec un chiffon sec. Éviter l’humidité prolongée et l’exposition directe au soleil.

📦 Livraison rapide en point relais
Dès validation de votre commande, merci de me transmettre vos coordonnées ainsi que le point relais souhaité pour une expédition sans attente. Vous pouvez aussi mentionner ces informations dans les commentaires de votre commande.

💌 Envie d’un tabouret sur mesure ?
Contactez-moi pour choisir vos couleurs ou dimensions personnalisées !",39.9,EUR,5,"Tabouret_marocain,Siège_artisanal,Tabouret_bohème,Meuble_ethnique,Tabouret_en_bois,Tabouret_paille_corde,Petit_tabouret_déco,Tabouret_rustique,Tabouret_naturel,Tabouret_berbère,Tabouret_enfant_bois,Meuble_dappoint_bohème,Tabouret_tressé_main","Paille,Corde,Bois",https://i.etsystatic.com/35406440/r/il/29bbcc/7567584242/il_fullxfull.7567584242_brf0.jpg,https://i.etsystatic.com/35406440/r/il/54eced/7615527675/il_fullxfull.7615527675_jpv8.jpg,https://i.etsystatic.com/35406440/r/il/4121df/7615527665/il_fullxfull.7615527665_tjp6.jpg,https://i.etsystatic.com/35406440/r/il/2983be/7567582680/il_fullxfull.7567582680_3l7k.jpg,https://i.etsystatic.com/35406440/r/il/2ab120/7567582618/il_fullxfull.7567582618_kr5r.jpg,https://i.etsystatic.com/35406440/r/il/96c539/7615527695/il_fullxfull.7615527695_ebz6.jpg,https://i.etsystatic.com/35406440/r/il/5e9fa9/7615527759/il_fullxfull.7615527759_ivot.jpg,,,,Hauteur,Hauteur,"30,40",,,,,,,
"Handwoven Raffia Pendant Light – Boho Natural Fiber Ceiling Lamp – Moroccan Handmade Hanging Lamp","**PRECOMMANDE - Expédition rapide dès réception**

🌿 Une suspension naturelle au charme bohème
Apportez une ambiance chaleureuse et authentique à votre intérieur avec cette magnifique suspension artisanale en raphia tressé. Entièrement réalisée à la main par des artisans marocains, cette lampe suspendue met en valeur la beauté des fibres naturelles et le savoir-faire traditionnel.
Son design délicat avec franges naturelles diffuse une lumière douce et crée de superbes jeux d’ombres sur les murs, parfaits pour instaurer une atmosphère bohème, chaleureuse et apaisante.

Chaque suspension est unique et porte les traces du travail artisanal

✨ Une pièce décorative et lumineuse
Cette suspension s’intègre parfaitement dans de nombreux espaces :
- Au-dessus d’une table à manger pour une ambiance chaleureuse
- Dans un salon bohème pour une touche naturelle
- Dans une chambre pour une lumière douce et relaxante
- Dans une entrée ou un coin lecture pour un style artisanal élégant
- Dans une maison de style méditerranéen, bohème ou wabi-sabi

Ses matières naturelles et son design intemporel en font une pièce forte de votre décoration.

📏 Dimensions approximatives
- Largeur : 40cm / 15,74 pouces
- Hauteur : 60cm / 23,62 pouces

🌍 Une création artisanale et durable
Fabriquée à partir de raphia naturel, cette suspension respecte les techniques traditionnelles de tressage marocaines. Chaque pièce est façonnée à la main, ce qui lui confère une authenticité et un charme unique.
Les petites irrégularités font partie de la beauté de l’artisanat.

🧼 Conseils d’entretien
- Dépoussiérer délicatement avec un chiffon sec ou un plumeau
- Éviter l’humidité prolongée
- Utiliser une ampoule LED douce pour une lumière chaleureuse

📦 Livraison rapide en point relais
Une fois votre commande validée, merci de m’indiquer vos coordonnées ainsi que le point relais souhaité pour une expédition rapide. Vous pouvez aussi l’ajouter en commentaire de commande.

💌 Envie d’un tabouret sur mesure ?
Contactez-moi pour avoir des photos supplémentaires ou dimensions personnalisées !",91,EUR,8,"raffia_pendant_light,boho_pendant_light,woven_ceiling_lamp,natural_fiber_lamp,moroccan_pendant_lamp,boho_ceiling_light,handmade_hanging_lamp,raffia_light_fixture,bohemian_lighting,rustic_pendant_lamp,artisan_ceiling_light,natural_home_lighting,eco_friendly_lamp","Fer,Raffia",https://i.etsystatic.com/35406440/r/il/26a6e5/7864297611/il_fullxfull.7864297611_sjs9.jpg,https://i.etsystatic.com/35406440/r/il/d29d9e/7816355870/il_fullxfull.7816355870_ku63.jpg,https://i.etsystatic.com/35406440/r/il/a32543/7864296873/il_fullxfull.7864296873_s4ib.jpg,https://i.etsystatic.com/35406440/r/il/798cd3/7816355884/il_fullxfull.7816355884_3698.jpg,https://i.etsystatic.com/35406440/r/il/c62e10/7816355856/il_fullxfull.7816355856_djy6.jpg,,,,,,,,,,,,,,,
"Tissu brocart marocain au mètre – 13 coloris – Largeur 1,45 m, Tissu oriental luxe pour couture, déco, habillement, DIY","**PRECOMMANDE - Expédition rapide dès réception**

🧵Apportez une touche d’élégance orientale à vos créations avec ce somptueux tissu brocart marocain, idéal pour la couture, la décoration, ou les projets DIY.

✨Caractéristiques :
- Tissu haut de gamme : Brocart marocain richement orné de motifs géométriques traditionnels, au relief raffiné et à la finition brillante.
- Largeur : 1,45 m
- Longueur : au choix (prix indiqué au mètre, coupé d’un seul tenant si plusieurs mètres achetés)
- Couleurs disponibles : 13 teintes éclatantes
- Utilisations multiples : Parfait pour la confection de coussins, rideaux, sacs, vêtements, accessoires, nappes ou projets événementiels.
- Texture : Ferme et légèrement rigide, idéale pour des pièces structurées.

🧼Entretien facile : Nettoyage à sec recommandé pour préserver la richesse du tissu.

📦 Livraison rapide en point relais
Une fois votre commande validée, merci de m’indiquer vos coordonnées ainsi que le point relais souhaité pour une expédition rapide. Vous pouvez aussi l’ajouter en commentaire de commande.

💌 Envie d’un tabouret sur mesure ?
Contactez-moi pour choisir vos couleurs ou dimensions personnalisées !",19,EUR,17,"tissu_brocart_marocain,tissu_oriental_luxe,tissu_au_mètre_marocain,tissu_géométrique_oriental,tissu_couture_orientale,tissu_marocain_décoration,brocart_marocain_coloré,tissu_DIY,tissu_pour_sac_artisanal,tissu_ameublement_marocain,tissu_traditionnel_luxe,tissu_ethnique_bohème,tissu_rigide_pour_couture","Brocard velours,Fil doré",https://i.etsystatic.com/35406440/r/il/d0e0aa/7000129971/il_fullxfull.7000129971_3k86.jpg,https://i.etsystatic.com/35406440/r/il/657329/7000125925/il_fullxfull.7000125925_85hb.jpg,https://i.etsystatic.com/35406440/r/il/228e3b/6952155652/il_fullxfull.6952155652_nrxy.jpg,https://i.etsystatic.com/35406440/r/il/c1232e/6952154144/il_fullxfull.6952154144_6bdn.jpg,https://i.etsystatic.com/35406440/r/il/03394b/7000128725/il_fullxfull.7000128725_atxl.jpg,https://i.etsystatic.com/35406440/r/il/ea5e9e/6952158252/il_fullxfull.6952158252_4jd1.jpg,https://i.etsystatic.com/35406440/r/il/ccc24a/7000129061/il_fullxfull.7000129061_2d37.jpg,,,,Couleur,"Couleur principale","Noir,Vert,Rouge,Rose Bonbon,Rose clair,Gris foncé,Orange,Jaune,Violet,Bleu Majorelle,Bleu Azur,Bleu clair,Ocre rouge,Moutarde",Longueur,Longueur,"1,2,3,4,5,6,7,8,9,10",,,,
"Applique murale en raphia naturel faite main – Eclairage décoratif mural artisanal en raphia - Style bohème chic","**PRECOMMANDE - Expédition rapide dès réception**

🌿Ajoutez une ambiance douce et naturelle à votre intérieur avec cette sublime applique murale en raphia, tissée à la main au Maroc. Parfaite pour les amateurs de décoration bohème ou ethnique, elle allie savoir-faire artisanal et élégance minimaliste 🌿.

✨ Un accessoire polyvalent
Parfaite pour une chambre, une entrée, un salon ou même une terrasse couverte. Elle se marie à merveille avec du bois, du lin, ou des matières brutes pour une déco naturelle et apaisante.

💡 Caractéristiques :
- Fabrication artisanale : Chaque pièce est tissée à la main par des artisans marocains, rendant chaque applique unique.
- Matériau naturel : Raphia issu des feuilles de palmier, pour un rendu authentique et organique.
- Structure : Cadre en métal solide, assurant durabilité et maintien parfait au mur.
- Effet lumineux : La lumière passe à travers le tressage de raphia, créant des ombres douces et une ambiance chaleureuse.

📏 Dimensions approximatives (hauteur x largeur x profondeur) : 
- 25 × 20 × 12,5 cm / 9,84 x 7,87 x 4,92 pouces
- 30 × 20 × 12,5 cm / 11,81 x 7,87 x 4,92 pouces

Chaque pièce est unique et peut présenter de légères variations de forme ou de couleur, propres à l’artisanat manuel.

Installation facile : Vendu sans kit électrique – il suffit de glisser votre câble à travers l’ouverture prévue. Compatible uniquement avec des ampoules LED 💡.

📦 Livraison en point relais
Dès validation de votre commande, merci de me transmettre vos coordonnées ainsi que le point relais souhaité pour une expédition sans attente. Vous pouvez aussi mentionner ces informations dans les commentaires de votre commande.

💌 Personnalisation possible
Vous souhaitez une autre taille ou un modèle particulier ? N'hésitez pas à me contacter !",31.2,EUR,1,"applique_murale_raphia,abat-jour_en_raphia,luminaire_mural_bohème,applique_murale_artisanale,applique_marocaine_naturelle,éclairage_mural_LED,applique_ethnique_chic,lampe_murale_en_fibres,luminaire_bohème_naturel,applique_rotin_raphia,déco_murale_handmade,lampe_artisanat_marocain,abat-jour_en_rotin_et_raphia","Métal,Rotin",https://i.etsystatic.com/35406440/r/il/e9b59e/6967411718/il_fullxfull.6967411718_migz.jpg,https://i.etsystatic.com/35406440/r/il/96da79/7015383847/il_fullxfull.7015383847_18ph.jpg,https://i.etsystatic.com/35406440/r/il/92782a/6967410238/il_fullxfull.6967410238_edic.jpg,https://i.etsystatic.com/35406440/r/il/1846d6/7015384899/il_fullxfull.7015384899_3t94.jpg,https://i.etsystatic.com/35406440/r/il/a85e3a/7015385645/il_fullxfull.7015385645_apxn.jpg,https://i.etsystatic.com/35406440/r/il/b93dc1/7015387603/il_fullxfull.7015387603_kaa8.jpg,https://i.etsystatic.com/35406440/r/il/ea8569/7015386687/il_fullxfull.7015386687_a070.jpg,https://i.etsystatic.com/35406440/r/il/2e234e/6967411572/il_fullxfull.6967411572_42x0.jpg,https://i.etsystatic.com/35406440/r/il/8a3281/7015387747/il_fullxfull.7015387747_92tb.jpg,,Hauteur,Hauteur,"25,30",,,,,,,
"Suspension Parasol Ajourée en Fibre Naturelle - Luminaire Bohème Sculptural et Aérien","**PRECOMMANDE - Expédition rapide dès réception**

🌿 Un luminaire tout en légèreté
Apportez une touche de poésie et d’artisanat à votre intérieur avec cette suspension en forme de parasol ajourée, entièrement tressée à la main à partir de fibres végétales naturelles. Sa structure légère et graphique crée de magnifiques jeux d’ombres, idéale pour une ambiance bohème, ethnique chic ou méditerranéenne.

✨ Un luminaire naturel et aérien
Parfaite pour sublimer toutes les pièces de la maison :
- Dans un salon ou au-dessus d’une table à manger pour un effet spectaculaire et léger
- Dans une chambre, pour une ambiance douce et texturée
- Dans une entrée, pour une touche artisanale dès le premier regard
- Sur une terrasse couverte ou dans une véranda, pour une déco qui évoque l’évasion

📏 Dimensions approximatives :
- Diamètre  : 23,62 cm / 15,75 pouces - Hauteur : 15 cm / 5,90 pouces
Les dimensions et les couleurs peuvent légèrement varier en raison du travail manuel.

🌍 Artisanat marocain durable et éthique
Chaque suspension est réalisée à la main à partir de feuilles de palmier locales, selon un savoir-faire ancestral transmis de génération en génération. Une belle alternative écologique aux luminaires industriels.

🧼 Conseils d’entretien
- Dépoussiérage à sec ou avec une brosse douce
- Éviter l’humidité prolongée et l’exposition directe au soleil

📦 Livraison rapide en point relais
Une fois votre commande validée, merci de m’indiquer vos coordonnées ainsi que le point relais souhaité pour une expédition rapide. Vous pouvez aussi l’ajouter en commentaire de commande.

💌 Envie d’un tabouret sur mesure ?
Contactez-moi pour choisir vos couleurs ou dimensions personnalisées !",33.5,EUR,2,"suspension_fibre_naturelle,luminaire_bohème,abat-jour_parasol,suspension_ajourée,décoration_ethnique_chic,luminaire_en_osier,abat-jour_tressé,suspension_artisanale,déco_bohème_naturelle,lampe_plafond_rotin,suspension_plafond_originale,luminaire_terrasse,décoration_méditerranéenne",Rotin,https://i.etsystatic.com/35406440/r/il/efe024/6934184436/il_fullxfull.6934184436_htja.jpg,https://i.etsystatic.com/35406440/r/il/d82bb5/6934184640/il_fullxfull.6934184640_886b.jpg,https://i.etsystatic.com/35406440/r/il/e086b2/6982153301/il_fullxfull.6982153301_19cf.jpg,https://i.etsystatic.com/35406440/r/il/bbfdc9/6934184582/il_fullxfull.6934184582_slas.jpg,https://i.etsystatic.com/35406440/r/il/462146/6982153327/il_fullxfull.6982153327_de5m.jpg,https://i.etsystatic.com/35406440/r/il/e9ecbf/6982153339/il_fullxfull.6982153339_qwh8.jpg,https://i.etsystatic.com/35406440/r/il/f34f88/6934184596/il_fullxfull.6934184596_a35d.jpg,https://i.etsystatic.com/35406440/r/il/cb2f57/6934184390/il_fullxfull.6934184390_gqdz.jpg,,,Largeur,Largeur,"40,60",,,,,,,
"Tabouret marocain artisanal en bois et corde – Siège bohème en paille naturelle tressée","**PRECOMMANDE - Expédition rapide dès réception**

🌿 Apportez une touche naturelle et bohème à votre intérieur
Craquez pour ce magnifique tabouret marocain fait main, tissé en corde verte et paille naturelle, sur une structure en bois brut. Son contraste de textures et de couleurs en fait une pièce authentique et pleine de charme, idéale pour sublimer une déco bohème, rustique ou ethnique.

✨ Un meuble artisanal et multifonction
Ce tabouret est à la fois pratique et décoratif :
- Assise d’appoint : Parfait dans une entrée, un salon ou une chambre.
- Repose-pieds confortable : À placer près d’un fauteuil ou canapé.
- Support déco : Mettez-y vos plantes, paniers ou objets fétiches.
- Meuble enfant : Sa hauteur et sa légèreté conviennent aussi aux plus petits.

📏 Dimensions approximatives (hauteur x largeur x longueur) :
- 30 x 30 x 30 cm / 11,81 x 11,81 x 11,81 pouces
- 40 x 30 x 30 cm / 15,74 x 11,81 x 11,81 pouces

Chaque pièce étant réalisée à la main, les dimensions peuvent légèrement varier, ajoutant à leur unicité.

🌍 Une pièce éthique et durable
Fabriqué artisanalement au Maroc, ce tabouret est le fruit d’un savoir-faire transmis de génération en génération. Bois brut non traité, tressage mixte en corde et feuille de palmier : chaque détail reflète un engagement pour l’artisanat et l’écoresponsabilité.

🧼 Conseils d’entretien
Dépoussiérer avec un chiffon sec. Éviter l’humidité prolongée et l’exposition directe au soleil.

📦 Livraison rapide en point relais
Dès validation de votre commande, merci de me transmettre vos coordonnées ainsi que le point relais souhaité pour une expédition sans attente. Vous pouvez aussi mentionner ces informations dans les commentaires de votre commande.

💌 Envie d’un tabouret sur mesure ?
Contactez-moi pour choisir vos couleurs ou dimensions personnalisées !",39.9,EUR,4,"Tabouret_marocain,Siège_artisanal,Tabouret_bohème,Meuble_ethnique,Tabouret_en_bois,Tabouret_paille_corde,Petit_tabouret_déco,Tabouret_rustique,Tabouret_naturel,Tabouret_berbère,Tabouret_enfant_bois,Meuble_dappoint_bohème,Tabouret_tressé_main","Paille,Corde,Bois",https://i.etsystatic.com/35406440/r/il/bd567d/6944434559/il_fullxfull.6944434559_ndds.jpg,https://i.etsystatic.com/35406440/r/il/ba7d5c/7540031128/il_fullxfull.7540031128_rctp.jpg,https://i.etsystatic.com/35406440/r/il/63e344/6896460032/il_fullxfull.6896460032_cl9s.jpg,https://i.etsystatic.com/35406440/r/il/fea6d8/6944432025/il_fullxfull.6944432025_dwpj.jpg,https://i.etsystatic.com/35406440/r/il/c38e33/6944432013/il_fullxfull.6944432013_pu1c.jpg,https://i.etsystatic.com/35406440/r/il/f014c2/6944431999/il_fullxfull.6944431999_19ki.jpg,https://i.etsystatic.com/35406440/r/il/8b8381/6944432001/il_fullxfull.6944432001_ttpl.jpg,https://i.etsystatic.com/35406440/r/il/71229d/6896460192/il_fullxfull.6896460192_fhiz.jpg,https://i.etsystatic.com/35406440/r/il/31ef83/6944432179/il_fullxfull.6944432179_c2yl.jpg,https://i.etsystatic.com/35406440/r/il/5a8c56/6944431975/il_fullxfull.6944431975_ib4a.jpg,Hauteur,Hauteur,"30,40",,,,,,,
"Suspension nid d'abeille en feuille de palmier – Petit luminaire bohème en fibres naturelles – Abat-jour tressé main","**PRECOMMANDE - Expédition rapide dès réception**

🌿 Un format compact et chaleureux
Voici une adorable suspension en forme de nid d’abeille, idéale pour ajouter une touche de nature et d’élégance artisanale à votre décoration. Son format est parfait pour les petits espaces, les coins lecture, les entrées ou les chambres d’enfant.

✨ Un luminaire décoratif et naturel
Parfait pour une déco bohème, minimaliste ou ethnique chic, cet abat-jour en forme de nid d’abeille sublimera toutes les pièces de la maison :
- Dans un salon ou au-dessus de la table à manger pour un effet graphique et sculptural tout en légèreté
- Dans une chambre pour diffuser une lumière tamisée et créer une ambiance cocooning et reposante
- Dans une entrée pour accueillir avec charme et simplicité grâce à ses matières naturelles
- Dans un couloir en série pour un effet visuel rythmé et chaleureux
- Dans un coin lecture ou un bureau pour ajouter du caractère sans surcharger l’espace
- Dans une chambre d’enfant pour un éclairage doux et un design inspiré de la nature
- Sur une terrasse couverte ou une véranda pour apporter une touche artisanale et poétique en extérieur protégé
- Dans un café ou un restaurant pour une ambiance conviviale et authentique, en accumulation ou en pièce centrale

Ce petit format s’adapte aussi très bien en suspension basse ou en lampe baladeuse pour plus de créativité dans l’éclairage !

📏 Dimensions approximatives :
- Diamètre  : 20 cm / 7,87 pouces - Hauteur : 25 cm / 9,84 pouces
Les dimensions et les couleurs peuvent légèrement varier en raison du travail manuel.

🌍 Artisanat marocain durable et éthique
Chaque suspension est réalisée à la main à partir de feuilles de palmier locales, selon un savoir-faire ancestral transmis de génération en génération. Une belle alternative écologique aux luminaires industriels.

🧼 Conseils d’entretien
- Dépoussiérage à sec ou avec une brosse douce
- Éviter l’humidité prolongée et l’exposition directe au soleil

📦 Livraison rapide en point relais
Une fois votre commande validée, merci de m’indiquer vos coordonnées ainsi que le point relais souhaité pour une expédition rapide. Vous pouvez aussi l’ajouter en commentaire de commande.

💌 Envie d’un tabouret sur mesure ?
Contactez-moi pour choisir vos couleurs ou dimensions personnalisées !",23.86,EUR,10,"Suspension_nid_dabeille,Suspension_luminaire,Feuille_de_palmier,Fait_main,Abat-jour_artisanal,Luminaire_bohème,Décoration_naturelle,Artisanat_marocain,Suspension_demi-boule,Éclairage_intérieur,Style_ethnique,Fibre_naturelle,Cadeau_unique",Rotin,https://i.etsystatic.com/35406440/r/il/a2b4c1/8218297461/il_fullxfull.8218297461_s8f3.jpg,https://i.etsystatic.com/35406440/r/il/90877a/8218285135/il_fullxfull.8218285135_4a3i.jpg,https://i.etsystatic.com/35406440/r/il/801ae6/8218285085/il_fullxfull.8218285085_gvlj.jpg,https://i.etsystatic.com/35406440/r/il/148ae8/8218285053/il_fullxfull.8218285053_6184.jpg,https://i.etsystatic.com/35406440/r/il/83daf5/8170350030/il_fullxfull.8170350030_lno8.jpg,https://i.etsystatic.com/35406440/r/il/a46507/8218285111/il_fullxfull.8218285111_fyqs.jpg,https://i.etsystatic.com/35406440/r/il/1e1730/8218285397/il_fullxfull.8218285397_8hdo.jpg,,,,,,,,,,,,,
"Panier tressé à la main en feuilles de palmier","**PRECOMMANDE - Expédition rapide dès réception**  

Découvrez ce magnifique panier en feuilles de palmier tressées à la main, à la fois décoratif et pratique.  

### Polyvalence et Élégance  
Idéal pour organiser votre quotidien tout en embellissant votre intérieur, ce panier s’adapte à tous vos besoins :  
- Panier à fruits ou légumes
- Rangement d’accessoires dans le dressing  
- Organiseur pour produits de salle de bain
- Vide-poche élégant dans l’entrée ou sur la table de chevet
- Panier pour accessoires de bureau

### Une Alternative Écoresponsable  
Fabriqué à partir de matériaux naturels, ce panier est une alternative durable et élégante aux solutions en plastique. Il s’inscrit dans un style bohème chic qui fait toute la différence dans votre décoration.

### Artisanat Authentique  
Chaque panier est unique, réalisé à la main avec soin. De légères variations de dimensions ou de teintes témoignent de son caractère artisanal et authentique.  

### Dimensions (approximatives) :  
- Petit panier : Largeur 23 cm x Profondeur 8 cm
- Panier moyen : Largeur 33 cm x Profondeur 12 cm

### Livraison en point relais :
Dès que vous avez passé votre commande, merci de me transmettre vos coordonnées et de préciser le point relais souhaité pour une expédition rapide. Vous pouvez également mentionner ces informations dans les commentaires de votre commande. (Pensez à vérifier vos spams afin de ne pas manquer mes messages.)

Besoin de mesures spécifiques ? N'hésitez pas à me contacter.",17.2,EUR,1,"Feuilles_De_Palmier,Panier_Tressé,Artisanat_Naturel,Rangement_Écoresponsable,Déco_Bohème_Chic,Fait_Main,Panier_Écologique,Décoration_Naturelle,Objet_Artisanal,Style_Bohème,Panier_Multi_Usage,Matériaux_Durables,Rangement_Stylé",Osier,https://i.etsystatic.com/35406440/r/il/b6e188/6530837440/il_fullxfull.6530837440_jp5j.jpg,https://i.etsystatic.com/35406440/r/il/bd2a21/6530837368/il_fullxfull.6530837368_hsks.jpg,https://i.etsystatic.com/35406440/r/il/4b4f8c/6530837384/il_fullxfull.6530837384_tky5.jpg,https://i.etsystatic.com/35406440/r/il/6b0a87/6578958315/il_fullxfull.6578958315_tatn.jpg,https://i.etsystatic.com/35406440/r/il/478815/6530837456/il_fullxfull.6530837456_ap1s.jpg,https://i.etsystatic.com/35406440/r/il/bb3f3e/6530837408/il_fullxfull.6530837408_7cl0.jpg,https://i.etsystatic.com/35406440/r/il/099c2e/6578958341/il_fullxfull.6578958341_jc7c.jpg,https://i.etsystatic.com/35406440/r/il/b66049/6578958285/il_fullxfull.6578958285_rqt8.jpg,https://i.etsystatic.com/35406440/r/il/2fed79/6530839272/il_fullxfull.6530839272_cxi2.jpg,https://i.etsystatic.com/35406440/r/il/5a29da/6530837606/il_fullxfull.6530837606_pdbb.jpg,Largeur,Largeur,"23,33",,,,,,,
"Suspension boule en paille tressée – Abat-jour bohème pour une ambiance naturelle et chaleureuse","**PRECOMMANDE - Expédition rapide dès réception**

Apportez une ambiance bohème et chaleureuse à votre intérieur avec cette magnifique suspension en forme de boule en paille tressée à la main. Son design naturel et aérien crée une lumière douce et apaisante, idéale pour toutes les pièces de la maison.

###Polyvalence et Élégance
Cette suspension artisanale s’adapte à différents espaces et styles décoratifs :
- Salon ou salle à manger : Apporte une touche naturelle et tendance au-dessus d’une table ou d’un coin détente.
- Chambre : Crée une atmosphère cosy et chaleureuse pour un intérieur apaisant.
- Terrasse couverte ou véranda : Parfaite pour une déco bohème et un éclairage doux en extérieur.
- Espace commercial : Idéale pour restaurants, boutiques ou cafés recherchant une décoration authentique et accueillante.
###Une Alternative Écoresponsable
Fabriquée en fibres naturelles, cette suspension est une alternative écologique aux luminaires industriels. Chaque pièce est unique, tressée à la main avec soin, ce qui peut entraîner de légères variations de teinte et de forme, gage d’un artisanat authentique.

###Dimensions approximatives (diamètre x hauteur) :
- Petite suspension : 40 x 30 cm
- Moyenne suspension : 50 x 40 cm
- Grande suspension : 60 x 40 cm

###Livraison en point relais :
Une fois votre commande passée, merci de me transmettre vos coordonnées et de préciser le point relais souhaité pour une expédition rapide. Vous pouvez également mentionner ces informations dans les commentaires de votre commande. (Pensez à vérifier vos spams afin de ne pas manquer mes messages.)

Besoin d’une taille personnalisée ? N’hésitez pas à me contacter.",32.5,EUR,15,"suspension_paille,luminaire_bohème,lampe_en_fibres_naturelles,suspension_palmier,suspension_artisanale,luminaire_fait_main,lampe_bohème_chic,suspension_naturelle,luminaire_ethnique,déco_bohème,suspension_franges,lampe_méditerranéenne,luminaire_écologique",Rotin,https://i.etsystatic.com/35406440/r/il/3eb17a/6639412392/il_fullxfull.6639412392_hndi.jpg,https://i.etsystatic.com/35406440/r/il/c2e1f1/6639412858/il_fullxfull.6639412858_qcfc.jpg,https://i.etsystatic.com/35406440/r/il/262a44/6687468511/il_fullxfull.6687468511_n6hf.jpg,https://i.etsystatic.com/35406440/r/il/ef9b49/6639412786/il_fullxfull.6639412786_jw14.jpg,https://i.etsystatic.com/35406440/r/il/cf5aee/6687468331/il_fullxfull.6687468331_s8v4.jpg,https://i.etsystatic.com/35406440/r/il/4e19f6/6639412572/il_fullxfull.6639412572_b2q0.jpg,https://i.etsystatic.com/35406440/r/il/4c58ba/6687468437/il_fullxfull.6687468437_8ve5.jpg,https://i.etsystatic.com/35406440/r/il/287a7b/6639412030/il_fullxfull.6639412030_n8ec.jpg,,,"Propriété personnalisée",Diamètre,"40 cm,50 cm,60 cm,70 cm",,,,,,,
"Échelle décorative en bois naturel","**PRECOMMANDE - Expédition rapide dès réception**
🌿 Apportez une touche bohème et naturelle à votre intérieur
Sublimez votre décoration avec cette magnifique échelle en bois naturel, entièrement réalisée à la main par des artisans talentueux. Son design épuré et sa finition brute en font une pièce à la fois esthétique et fonctionnelle.

✨ Un accessoire polyvalent et tendance
Cette échelle décorative s’intègre harmonieusement dans plusieurs espaces :
- Salle de bain : Idéale comme porte-serviettes pour une ambiance spa.
- Chambre ou dressing : Un support élégant pour suspendre vos vêtements ou accessoires.
- Salon ou entrée : Apporte une touche rustique et chaleureuse à votre décoration.
- Boutique ou espace professionnel : Parfait pour mettre en valeur des textiles ou objets décoratifs.

🌍 Une fabrication artisanale et écoresponsable
Chaque échelle est fabriquée à partir de bois naturel, offrant des variations uniques de teinte et de forme qui ajoutent à son charme authentique.

📏 Dimensions approximatives :
- Hauteur: 160 cm
- Largeur: 40 cm
- Hauteur: 140 cm
- Largeur: 40 cm

📦 Livraison en point relais:
Une fois votre commande validée, merci de me transmettre vos coordonnées et le point relais souhaité pour une expédition rapide. Vous pouvez aussi préciser ces informations dans les commentaires de votre commande.

💌 Personnalisation disponible
Besoin d’une autre dimension ou d’une finition spécifique ? Contactez-moi pour une création sur-mesure ! 😊",53.33,EUR,10,"Échelle_décorative,Porte-serviettes_bois,Échelle_Eucalyptus,Échelle_salle_bain,Décoration_bohème,Décoration_rustique,Meuble_de_rangement,Porte-couvertures,Échelle_en_bois,Décoration_intérieure,Fait_à_la_main,Design_minimaliste,Rangement_vertical",Bois,https://i.etsystatic.com/35406440/r/il/c7ad5b/7351291583/il_fullxfull.7351291583_e9f4.jpg,https://i.etsystatic.com/35406440/r/il/0b8d56/7351291575/il_fullxfull.7351291575_m689.jpg,https://i.etsystatic.com/35406440/r/il/ec574d/7303341458/il_fullxfull.7303341458_6nda.jpg,https://i.etsystatic.com/35406440/r/il/00770b/7351291557/il_fullxfull.7351291557_e6at.jpg,,,,,,,Hauteur,Hauteur,"1.4,1.6",,,,,,,
"Tabouret artisanal en bois et cuir tressé – cuir foncé ou cuir clair – Style bohème chic et rustique moderne","**PRECOMMANDE - Expédition rapide dès réception**

🌿 L’élégance naturelle du bois et du cuir tressé
Apportez du caractère et de l’authenticité à votre intérieur avec ce tabouret artisanal en bois massif et cuir véritable tressé à la main. Disponible en marron foncé profond ou en teinte naturelle claire, il incarne l’équilibre parfait entre esprit bohème, charme rustique et modernité minimaliste.

Fabriqué au Maroc par des artisans passionnés, chaque tabouret est une pièce unique, façonnée selon un savoir-faire traditionnel transmis de génération en génération.

✨ Un meuble polyvalent et intemporel
À la fois décoratif et fonctionnel, ce tabouret s’intègre facilement dans tous les styles d’intérieur :
- Assise d’appoint élégante dans un salon ou une chambre
- Repose-pieds confortable près d’un fauteuil
- Table d’appoint minimaliste
- Support déco pour plantes ou objets artisanaux
- Tabouret d’entrée pratique et esthétique

Son design épuré et ses matières nobles en font un véritable élément de décoration.

Deux coloris au choix :
- Marron foncé : chaleureux, intense et sophistiqué
- Cuir naturel clair : lumineux, doux et authentique

📏 Dimensions approximatives :
- Hauteur : 40 cm / 15,74 pouces
- Largeur : 30 x 30 cm / 11,81 x 11,81 pouces

Chaque pièce étant réalisée à la main, les dimensions peuvent légèrement varier, ajoutant à leur unicité.

🌍 Une pièce éthique et durable
Réalisé à partir de bois naturel non traité et de cuir véritable, ce tabouret reflète un engagement pour des matériaux nobles et un artisanat respectueux de l’environnement. Chaque irrégularité de texture ou de teinte rend votre pièce unique.

🧼 Conseils d’entretien
Dépoussiérer avec un chiffon doux et sec.
Éviter l’exposition prolongée au soleil et l’humidité pour préserver la qualité du cuir.

📦 Livraison rapide en point relais
Dès validation de votre commande, merci de me transmettre vos coordonnées ainsi que le point relais souhaité pour une expédition sans attente. Vous pouvez aussi mentionner ces informations dans les commentaires de votre commande.

💌 Envie d’un tabouret sur mesure ?
Contactez-moi pour choisir vos couleurs ou dimensions personnalisées !",66.53,EUR,4,"wood_leather_stool,woven_leather_stool,boho_stool,moroccan_stool,rustic_wooden_stool,leather_seat_stool,handmade_stool,bohemian_furniture,modern_rustic_decor,accent_stool,entryway_stool,scandinavian_decor","Cuir,Bois",https://i.etsystatic.com/35406440/r/il/a60045/7711419696/il_fullxfull.7711419696_muin.jpg,https://i.etsystatic.com/35406440/r/il/09ace7/7782551204/il_fullxfull.7782551204_1gip.jpg,https://i.etsystatic.com/35406440/r/il/8fbc38/7759362631/il_fullxfull.7759362631_jztx.jpg,https://i.etsystatic.com/35406440/r/il/2c6c67/7711419672/il_fullxfull.7711419672_2rri.jpg,https://i.etsystatic.com/35406440/r/il/178880/7711419698/il_fullxfull.7711419698_b3e0.jpg,https://i.etsystatic.com/35406440/r/il/8ab205/7759362163/il_fullxfull.7759362163_5tlx.jpg,https://i.etsystatic.com/35406440/r/il/447b62/7759362269/il_fullxfull.7759362269_h3ys.jpg,https://i.etsystatic.com/35406440/r/il/f62278/7711419662/il_fullxfull.7711419662_obds.jpg,https://i.etsystatic.com/35406440/r/il/371687/7711419796/il_fullxfull.7711419796_qf71.jpg,,Couleur,"Couleur principale","Cuir clair,Cuir foncé",,,,,,,
"Large White Moroccan Tote Bag - Black Berber Pattern Fabric - Boho Chic Shoulder Bag - Handmade Ethnic Market & Beach Bag","**PRE-ORDER - Fast shipping upon receipt**

🧵 Bring timeless elegance and authentic craftsmanship into your daily life with this large white Moroccan tote bag featuring iconic black Berber geometric patterns. A perfect blend of minimalist chic and ethnic tradition, this statement bag is both stylish and practical for every occasion.

✨ A chic, practical and authentic tote bag
- Handmade craftsmanship: Carefully handmade by Moroccan artisans, each bag reflects ancestral know-how and traditional weaving techniques. Every piece is unique and full of character.
- Premium embroidered fabric: Made from high-quality textured fabric with bold black Berber motifs inspired by North African tribal art. The white and black contrast creates a modern yet timeless boho aesthetic.
- Generous and practical size: Spacious enough for daily essentials, shopping, beach days, work documents or weekend trips. Comfortable shoulder handles make it easy to carry all day long. 60 cm width (23.62 inches), 35 cm height (13.78 inches), and comfortable handles of 30 cm (11.81 inches)
- Functional and secure: Features a magnetic snap closure and an interior zippered pocket to safely store your phone, keys and small valuables.

🎁 The perfect gift: This tote bag is the perfect gift to please a special woman in your life: mom, sister, friend, or partner, who appreciates craftsmanship, boho style and unique accessories.

🧼 Easy care: Gentle hand cleaning recommended to preserve the beauty of the embroidered fabric and the vibrancy of the colors.

📦 Fast delivery to a relay point
Once your order is confirmed, please provide your contact details and preferred pickup point for expedited shipping. You can also add this information in the order comments.

💌 Want a custom-made stool?
Contact me to choose your custom colors or dimensions!",52.26,EUR,2,"Moroccan_tote_bag,berber_bag,boho_tote_bag,ethnic_shoulder_bag,embroidered_tote,moroccan_handbag,boho_market_bag,black_white_bag,tribal_pattern_bag,artisan_tote_bag,bohemian_purse,beach_tote_boho,handmade_fabric_bag","Brocade,Nylon,Microfibres",https://i.etsystatic.com/35406440/r/il/9ecd0d/7830476807/il_fullxfull.7830476807_k9x2.jpg,https://i.etsystatic.com/35406440/r/il/42af17/7711284854/il_fullxfull.7711284854_donl.jpg,https://i.etsystatic.com/35406440/r/il/1a1e49/7759224065/il_fullxfull.7759224065_n9dk.jpg,https://i.etsystatic.com/35406440/r/il/a340fa/7711282110/il_fullxfull.7711282110_cj4w.jpg,https://i.etsystatic.com/35406440/r/il/89129d/7711282052/il_fullxfull.7711282052_jknc.jpg,https://i.etsystatic.com/35406440/r/il/c8749c/7759224041/il_fullxfull.7759224041_8ip9.jpg,https://i.etsystatic.com/35406440/r/il/2e577c/7759224061/il_fullxfull.7759224061_2o5o.jpg,,,,,,,,,,,,,
"Boho stool in wood and colorful weaving – Authentic Moroccan craftsmanship","**PREORDER - Fast shipping upon receipt**

🌿 Bring a boho and vibrant touch to your interior
Fall in love with this handcrafted Moroccan stool, crafted with a colorful natural rope weave and a raw wood frame. Its unique design and multi-colored sheen make it a statement piece, perfect for brightening up your decor with an authentic, ethnic touch.

✨ A versatile and decorative piece of furniture
This handcrafted stool is ideal for:
- An original extra seat: Light and practical, it moves easily and fits into any room.
- A comfortable footrest: Place it near your sofa for a moment of relaxation.
- A unique decorative element: Its vibrantly colored Berber weave attracts the eye and gives character to your interior.
- A stand for plants or decorative objects: Perfect for adding a boho chic touch.

📏 Available dimensions
- Height: approximately 40 cm / Width: approximately 30 x 30 cm
As each piece is handmade, slight variations in dimensions and colors may occur, which adds to its authenticity and charm. ✨

🌍 A unique, ethical and sustainable piece
Each stool is the result of meticulous work carried out by Moroccan artisans, perpetuating ancestral know-how. The irregularities in the weaving and wood testify to its unique character.

🧼 Maintenance tips
Dust regularly with a dry cloth. Avoid prolonged exposure to sunlight to preserve the vibrancy of the colors.

📦 Fast shipping to a relay point
Once your order has been confirmed, please send me your contact information and the preferred collection point for hassle-free shipping. You can also include this information in the comments section of your order.

💌 Want to personalize?
Need a different color or size? Contact me for a custom creation! 😊",39.9,EUR,1,"Tabouret_artisanal,Tabouret_marocain,Esprit_bohème,Décoration_colorée,Tabouret_tressé,Siège_dappoint,Mobilier_ethnique,Artisanat_fait_main,Tabouret_multicouleurs,Style_bohème_chic,Mobilier_naturel,Design_traditionnel,Bois_Eucalytpus","Bois,Corde",https://i.etsystatic.com/35406440/r/il/e9f595/6806533315/il_fullxfull.6806533315_ts9r.jpg,https://i.etsystatic.com/35406440/r/il/7aea9f/6806533143/il_fullxfull.6806533143_fhil.jpg,https://i.etsystatic.com/35406440/r/il/b73888/6806533133/il_fullxfull.6806533133_fcrc.jpg,https://i.etsystatic.com/35406440/r/il/3ad6fb/6758524846/il_fullxfull.6758524846_kg29.jpg,https://i.etsystatic.com/35406440/r/il/aca708/6758521822/il_fullxfull.6758521822_5wsx.jpg,https://i.etsystatic.com/35406440/r/il/d1bf6a/6806533117/il_fullxfull.6806533117_mly7.jpg,https://i.etsystatic.com/35406440/r/il/3aa9cb/6806533107/il_fullxfull.6806533107_s3pj.jpg,https://i.etsystatic.com/35406440/r/il/684c2a/6806533127/il_fullxfull.6806533127_ltlh.jpg,https://i.etsystatic.com/35406440/r/il/7f888e/6806535351/il_fullxfull.6806535351_kx3b.jpg,,,,,,,,,,,
"Trépied en Bois Brut avec Bougie Artisanale – Déco Naturelle & Élégante, Hauteur 150 cm","**PRECOMMANDE - Expédition rapide dès réception**

🌿 Apportez une touche d’authenticité et de chaleur à votre intérieur avec ce trépied en bois brut, surmonté d’une bougie artisanale. Chaque pièce est unique, réalisée à la main à partir de bois soigneusement sélectionné, et sublimée par une bougie coulée dans un contenant en terre cuite noire au charme brut.

✨ Un objet déco naturel et sculptural
Parfait pour une ambiance bohème, rustique chic, ce trépied s'intègre dans tous les espaces :
- Dans un salon comme objet d’appoint lumineux et chaleureux
- Dans une entrée pour accueillir vos invités avec originalité
- Dans une chambre, pour une lumière douce et naturelle
- Sur une terrasse couverte, pour des soirées à la lueur de la bougie

📏 Dimensions approximatives :
- Trépied : Hauteur 150 cm / 59,05 pouces 
- Bougie : Diamètre 22 cm / 8,66 pouces – Hauteur 10 cm / 3,93 pouces

Chaque création est réalisée à la main, avec des matériaux naturels, ce qui rend chaque pièce unique avec ses irrégularités pleines de charme.

🌍 Une pièce naturelle et durable
Fabriqué à la main avec du bois brut et une bougie artisanale, chaque trépied est unique. Son style épuré s’adapte parfaitement à une décoration slow, ethnique ou bohème.

🧼 Conseils d’entretien
Dépoussiérer avec un chiffon sec.

📦 Livraison rapide en point relais
Dès validation de votre commande, merci de me transmettre vos coordonnées ainsi que le point relais souhaité pour une expédition sans attente. Vous pouvez aussi mentionner ces informations dans les commentaires de votre commande.

💌 Envie d’un tabouret sur mesure ?
Contactez-moi pour choisir vos couleurs ou dimensions personnalisées !",107.33,EUR,3,"trépied_bois_déco,support_bougie_bois,bougeoir_naturel,déco_bohème_bois,décoration_wabi_sabi,trépied_artisanal,bougie_décoration,trépied_rustique,objet_déco_original,trépied_bois_massif,cadeau_maison_nature,bougeoir_géant,décoration_bois_naturel",Bois,https://i.etsystatic.com/35406440/r/il/2d695a/6978238405/il_fullxfull.6978238405_gmic.jpg,https://i.etsystatic.com/35406440/r/il/b5fe35/6930267684/il_fullxfull.6930267684_jjl7.jpg,https://i.etsystatic.com/35406440/r/il/62a35f/6930267664/il_fullxfull.6930267664_h353.jpg,https://i.etsystatic.com/35406440/r/il/cb1c87/6978235609/il_fullxfull.6978235609_5zud.jpg,https://i.etsystatic.com/35406440/r/il/32dfb1/6930267690/il_fullxfull.6930267690_7lxs.jpg,https://i.etsystatic.com/35406440/r/il/99704d/6978235901/il_fullxfull.6978235901_36fz.jpg,https://i.etsystatic.com/35406440/r/il/23dbd5/6978236187/il_fullxfull.6978236187_jd7i.jpg,https://i.etsystatic.com/35406440/r/il/eded2f/6978236919/il_fullxfull.6978236919_cb27.jpg,https://i.etsystatic.com/35406440/r/il/020ccd/6930269056/il_fullxfull.6930269056_evgo.jpg,,,,,,,,,,,
"Handwoven Raffia Pendant Light – Boho Natural Fiber Ceiling Lamp – Moroccan Handmade Hanging Lamp","**PRECOMMANDE - Expédition rapide dès réception**

🌿 Une suspension naturelle au charme bohème
Apportez une ambiance chaleureuse et authentique à votre intérieur avec cette magnifique suspension artisanale en raphia tressé. Entièrement réalisée à la main par des artisans marocains, cette lampe suspendue met en valeur la beauté des fibres naturelles et le savoir-faire traditionnel.
Son design délicat avec franges naturelles diffuse une lumière douce et crée de superbes jeux d’ombres sur les murs, parfaits pour instaurer une atmosphère bohème, chaleureuse et apaisante.

Chaque suspension est unique et porte les traces du travail artisanal

✨ Une pièce décorative et lumineuse
Cette suspension s’intègre parfaitement dans de nombreux espaces :
- Au-dessus d’une table à manger pour une ambiance chaleureuse
- Dans un salon bohème pour une touche naturelle
- Dans une chambre pour une lumière douce et relaxante
- Dans une entrée ou un coin lecture pour un style artisanal élégant
- Dans une maison de style méditerranéen, bohème ou wabi-sabi

Ses matières naturelles et son design intemporel en font une pièce forte de votre décoration.

📏 Dimensions approximatives
- Largeur : 59cm / 23,22 pouces
- Hauteur : 24cm / 9,44 pouces

🌍 Une création artisanale et durable
Fabriquée à partir de raphia naturel, cette suspension respecte les techniques traditionnelles de tressage marocaines. Chaque pièce est façonnée à la main, ce qui lui confère une authenticité et un charme unique.
Les petites irrégularités font partie de la beauté de l’artisanat.

🧼 Conseils d’entretien
- Dépoussiérer délicatement avec un chiffon sec ou un plumeau
- Éviter l’humidité prolongée
- Utiliser une ampoule LED douce pour une lumière chaleureuse

📦 Livraison rapide en point relais
Une fois votre commande validée, merci de m’indiquer vos coordonnées ainsi que le point relais souhaité pour une expédition rapide. Vous pouvez aussi l’ajouter en commentaire de commande.

💌 Envie d’un tabouret sur mesure ?
Contactez-moi pour avoir des photos supplémentaires ou dimensions personnalisées !",82,EUR,3,"raffia_pendant_light,boho_pendant_light,woven_ceiling_lamp,natural_fiber_lamp,moroccan_pendant_lamp,boho_ceiling_light,handmade_hanging_lamp,raffia_light_fixture,bohemian_lighting,rustic_pendant_lamp,artisan_ceiling_light,natural_home_lighting,eco_friendly_lamp","Fer,Raffia",https://i.etsystatic.com/35406440/r/il/685bab/7864059927/il_fullxfull.7864059927_bkli.jpg,https://i.etsystatic.com/35406440/r/il/5be525/7816118722/il_fullxfull.7816118722_o0fm.jpg,https://i.etsystatic.com/35406440/r/il/f65b4c/7816118734/il_fullxfull.7816118734_afw4.jpg,https://i.etsystatic.com/35406440/r/il/8d169a/7816371972/il_fullxfull.7816371972_cj2z.jpg,https://i.etsystatic.com/35406440/r/il/f9c8ce/7816118686/il_fullxfull.7816118686_av1i.jpg,https://i.etsystatic.com/35406440/r/il/809cfc/7864059957/il_fullxfull.7864059957_ts6t.jpg,,,,,,,,,,,,,,
"Panier rond en feuille de palmier tressée – Panier à linge ou rangement déco fait main","**PRECOMMANDE - Expédition rapide dès réception**

🌿 Un rangement naturel et authentique
Craquez pour ce panier circulaire en feuilles de palmier, entièrement tressé à la main au Maroc. Sa forme douce et arrondie, son couvercle assorti avec lien de fermeture, et sa finition soignée en font une pièce aussi belle que pratique. Idéal pour une déco naturelle, bohème ou minimaliste, ce panier apportera une touche artisanale à votre intérieur.

✨ Un accessoire polyvalent
Ce panier peut être utilisé de nombreuses façons selon vos besoins :
- Panier à linge : Léger, aéré et décoratif pour votre chambre ou salle de bain.
- Coffre de rangement : Pour plaids, coussins, jouets ou textiles divers.
- Objet déco : Sa silhouette arrondie attire le regard dans une entrée, un salon ou une chambre.

📏 Dimensions approximatives
- Panier moyen (Hauteur x Diamètre) : 38cm x 35cm / 14,96 pouces x 13,78 pouces
- Grand Panier (Hauteur x Diamètre) : 55cm x 38cm / 21,65 pouces x 14,96 pouces

Chaque pièce est unique et peut présenter de légères variations de forme ou de couleur, propres à l’artisanat manuel.

🌍 Un objet durable et éthique
Fabriqué en feuilles de palmier tressées, ce panier est une alternative écologique et zéro plastique aux rangements industriels. Conçu pour durer, il est à la fois léger, solide et biodégradable.

🧼 Conseils d’entretien
- Dépoussiérer avec un chiffon sec
- En cas de tache, utiliser un chiffon légèrement humide
- Éviter les lieux trop humides ou l’exposition prolongée au soleil

📦 Livraison en point relais
Dès validation de votre commande, merci de me transmettre vos coordonnées ainsi que le point relais souhaité pour une expédition sans attente. Vous pouvez aussi mentionner ces informations dans les commentaires de votre commande.

💌 Personnalisation possible
Vous souhaitez une autre taille ou un modèle particulier ? N'hésitez pas à me contacter !",34,EUR,3,"wicker_storage_trunk,wicker_chest,wicker_storage_basket,boho_storage,rattan_storage_trunk,woven_storage_chest,moroccan_basket,bohemian_home_decor,natural_fiber_decor,blanket_storage_box,toy_storage_basket,laundry_storage_basket,handmade_wicker_trunk",Osier,https://i.etsystatic.com/35406440/r/il/b06ddb/6952370097/il_fullxfull.6952370097_fvyh.jpg,https://i.etsystatic.com/35406440/r/il/abeb4b/6952359523/il_fullxfull.6952359523_krjw.jpg,https://i.etsystatic.com/35406440/r/il/76710a/6904390722/il_fullxfull.6904390722_mo4c.jpg,https://i.etsystatic.com/35406440/r/il/4936ef/6904396932/il_fullxfull.6904396932_sj0j.jpg,https://i.etsystatic.com/35406440/r/il/d0a0c6/6952367309/il_fullxfull.6952367309_264p.jpg,https://i.etsystatic.com/35406440/r/il/d62af8/6904403460/il_fullxfull.6904403460_rxot.jpg,https://i.etsystatic.com/35406440/r/il/e5f8b0/6952366179/il_fullxfull.6952366179_p86u.jpg,https://i.etsystatic.com/35406440/r/il/3d5658/6952366509/il_fullxfull.6952366509_3xb3.jpg,https://i.etsystatic.com/35406440/r/il/709256/6904402756/il_fullxfull.6904402756_99x6.jpg,https://i.etsystatic.com/35406440/r/il/b67ba4/6904399492/il_fullxfull.6904399492_exg7.jpg,Hauteur,Hauteur,"55,38",,,,,,,
"Set de 5 Paniers Muraux Bohème – Tressage Artisanal en Fibre Naturelle","**PRECOMMANDE - Expédition rapide dès réception**

🌿 Set de 5 petits paniers muraux tressés multicolores – Décoration murale artisanale et bohème
Apportez une touche d’authenticité et de couleur à votre intérieur avec ce charmant lot de 5 petits paniers muraux artisanaux. Fabriqués à la main à partir de fibres naturelles, ces paniers allient motifs géométriques, textures rustiques et palettes de couleurs sobres ou vibrantes. Accrochés ensemble en composition murale ou utilisés individuellement, ils subliment votre décoration de manière naturelle et chaleureuse.

Chaque pièce est unique, réalisée selon un savoir-faire traditionnel, pour une déco murale qui a du sens et de l’âme.

✨ Idées d’utilisation :
- En accumulation au mur pour une galerie bohème chic
- En vide-poche décoratif sur une console ou une étagère
- En corbeille à bijoux, à clés ou à fruits secs
- Parfaits pour sublimer une chambre, un salon, un couloir ou une entrée

Chaque pièce étant artisanale, de légères variations de teinte et de forme font partie du charme du produit.

📏 Dimensions approximatives :
Diamètre entre 14 et 18 cm (5,51 et 7,08 pouces) et hauteur entre 5 et 8 cm (1,97 et 3,15 pouces) selon le panier.

🧼 Conseils d’entretien
- Dépoussiérage à sec ou avec une brosse douce
- Éviter l’humidité prolongée et l’exposition directe au soleil

📦 Livraison rapide en point relais
Une fois votre commande validée, merci de m’indiquer vos coordonnées ainsi que le point relais souhaité pour une expédition rapide. Vous pouvez aussi l’ajouter en commentaire de commande.

💌 Envie d’un tabouret sur mesure ?
Contactez-moi pour choisir vos couleurs ou dimensions personnalisées !",33.33,EUR,5,"panier_mural,déco_murale_bohème,petit_panier_tressé,décoration_ethnique,panier_en_fibre_naturelle,panier_africain,panier_berbère,corbeille_artisanale,décoration_mur,art_mural_naturel,lot_de_paniers_déco,panier_mural_couleur,panier_chambre",Rotin,https://i.etsystatic.com/35406440/r/il/4f434d/6919410056/il_fullxfull.6919410056_rr9t.jpg,https://i.etsystatic.com/35406440/r/il/828cbd/6919410500/il_fullxfull.6919410500_b2vx.jpg,https://i.etsystatic.com/35406440/r/il/56680b/6967377681/il_fullxfull.6967377681_4omt.jpg,https://i.etsystatic.com/35406440/r/il/20fed1/6919410896/il_fullxfull.6919410896_ajnw.jpg,https://i.etsystatic.com/35406440/r/il/545b90/6919410884/il_fullxfull.6919410884_sc23.jpg,https://i.etsystatic.com/35406440/r/il/d5efa5/6919411002/il_fullxfull.6919411002_5wiv.jpg,https://i.etsystatic.com/35406440/r/il/c2c4fd/6919411006/il_fullxfull.6919411006_8x0s.jpg,https://i.etsystatic.com/35406440/r/il/81cb47/6919411656/il_fullxfull.6919411656_4mv7.jpg,https://i.etsystatic.com/35406440/r/il/d7e784/6967378843/il_fullxfull.6967378843_ea0b.jpg,https://i.etsystatic.com/35406440/r/il/b75463/6967379027/il_fullxfull.6967379027_prn1.jpg,"Propriété personnalisée",Lot,"2 paniers,3 paniers,4 paniers,5 paniers",,,,,,,
"Suspension nid d'abeille en feuille de palmier – Petit luminaire bohème en fibres naturelles – Abat-jour tressé main","**PRECOMMANDE - Expédition rapide dès réception**

🌿 Un format compact et chaleureux
Voici une adorable suspension en forme de nid d’abeille, idéale pour ajouter une touche de nature et d’élégance artisanale à votre décoration. Son format est parfait pour les petits espaces, les coins lecture, les entrées ou les chambres d’enfant.

✨ Un luminaire décoratif et naturel
Parfait pour une déco bohème, minimaliste ou ethnique chic, cet abat-jour en forme de nid d’abeille sublimera toutes les pièces de la maison :
- Dans un salon ou au-dessus de la table à manger pour un effet graphique et sculptural tout en légèreté
- Dans une chambre pour diffuser une lumière tamisée et créer une ambiance cocooning et reposante
- Dans une entrée pour accueillir avec charme et simplicité grâce à ses matières naturelles
- Dans un couloir en série pour un effet visuel rythmé et chaleureux
- Dans un coin lecture ou un bureau pour ajouter du caractère sans surcharger l’espace
- Dans une chambre d’enfant pour un éclairage doux et un design inspiré de la nature
- Sur une terrasse couverte ou une véranda pour apporter une touche artisanale et poétique en extérieur protégé
- Dans un café ou un restaurant pour une ambiance conviviale et authentique, en accumulation ou en pièce centrale

Ce petit format s’adapte aussi très bien en suspension basse ou en lampe baladeuse pour plus de créativité dans l’éclairage !

📏 Dimensions approximatives :
- Diamètre  : 20 cm / 7,87 pouces - Hauteur : 20 cm / 7,87 pouces
Les dimensions et les couleurs peuvent légèrement varier en raison du travail manuel.

🌍 Artisanat marocain durable et éthique
Chaque suspension est réalisée à la main à partir de feuilles de palmier locales, selon un savoir-faire ancestral transmis de génération en génération. Une belle alternative écologique aux luminaires industriels.

🧼 Conseils d’entretien
- Dépoussiérage à sec ou avec une brosse douce
- Éviter l’humidité prolongée et l’exposition directe au soleil

📦 Livraison rapide en point relais
Une fois votre commande validée, merci de m’indiquer vos coordonnées ainsi que le point relais souhaité pour une expédition rapide. Vous pouvez aussi l’ajouter en commentaire de commande.

💌 Envie d’un tabouret sur mesure ?
Contactez-moi pour choisir vos couleurs ou dimensions personnalisées !",23.86,EUR,10,"Suspension_nid_dabeille,Luminaire_feuille_de_palmier,Suspension_bohème_petite,Abat-jour_naturel_fait_main,Lampe_suspension_artisanale,Abat-jour_tressé_marocain,Suspension_en_fibre_végétale,Suspension_ronde_en_osier,Petite_lampe_bohème,Déco_naturelle_plafond,Suspension_chambre_enfant,Abat-jour_en_feuille_palmier,Luminaire_rustique_bohème",Rotin,https://i.etsystatic.com/35406440/r/il/389e30/6917299830/il_fullxfull.6917299830_g4ro.jpg,https://i.etsystatic.com/35406440/r/il/b7b3fd/6917299816/il_fullxfull.6917299816_s76p.jpg,https://i.etsystatic.com/35406440/r/il/62f41c/6965269075/il_fullxfull.6965269075_sgbk.jpg,https://i.etsystatic.com/35406440/r/il/56f895/6965269077/il_fullxfull.6965269077_bmps.jpg,https://i.etsystatic.com/35406440/r/il/3575f2/6917299802/il_fullxfull.6917299802_i5h4.jpg,https://i.etsystatic.com/35406440/r/il/a4e810/6965270373/il_fullxfull.6965270373_tfao.jpg,https://i.etsystatic.com/35406440/r/il/4bd64b/6917301200/il_fullxfull.6917301200_hll4.jpg,https://i.etsystatic.com/35406440/r/il/21764b/6917301210/il_fullxfull.6917301210_chgg.jpg,https://i.etsystatic.com/35406440/r/il/8e7d4d/6965270389/il_fullxfull.6965270389_3t0b.jpg,,,,,,,,,,,
"Suspension cône ajourée évasée en feuilles de palmier – Luminaire naturel bohème chic – Abat-jour artisanal marocain","**PRECOMMANDE - Expédition rapide dès réception**

🌿 Un luminaire aérien et sculptural
Cette suspension en forme de cône ajouré, à la silhouette élancée et à la base généreusement évasée, est une pièce unique tressée à la main en feuilles de palmier. Sa structure légère et aérée laisse passer la lumière en douceur, créant de sublimes jeux d’ombres et un effet visuel époustouflant.

✨ Un abat-jour artisanal et poétique
Ce modèle peut être installé :
- En pièce centrale au-dessus d'une table de salle à manger
- Dans un salon pour une touche artistique et bohème
- En série dans une grande pièce ou sous une terrasse couverte
- Dans une chambre ou une entrée pour une ambiance douce et naturelle

📏 Dimensions approximatives :
- Diamètre  : 45 cm / 17,71 pouces - Hauteur : 35 cm / 13,78 pouces
- Diamètre  : 50 cm / 19,68 pouces - Hauteur : 35 cm / 13,78 pouces
Les dimensions et les couleurs peuvent légèrement varier en raison du travail manuel.

💡 Douille et câble non inclus, mais compatibles avec tout kit électrique standard.

🌍 Artisanat marocain durable et éthique
Chaque suspension est réalisée à la main à partir de feuilles de palmier locales, selon un savoir-faire ancestral transmis de génération en génération. Une belle alternative écologique aux luminaires industriels.

🧼 Conseils d’entretien
- Dépoussiérage à sec ou avec une brosse douce
- Éviter l’humidité prolongée et l’exposition directe au soleil

📦 Livraison rapide en point relais
Une fois votre commande validée, merci de m’indiquer vos coordonnées ainsi que le point relais souhaité pour une expédition rapide. Vous pouvez aussi l’ajouter en commentaire de commande.

💌 Envie d’un tabouret sur mesure ?
Contactez-moi pour choisir vos couleurs ou dimensions personnalisées !",38.26,EUR,2,"Suspension_cône_ajourée,Luminaire_feuilles_de_palmier,Abat-jour_évasé_bohème,Suspension_artisanale,Lampe_suspendue_tressée_main,Suspension_design_organique,Luminaire_ajouré_palmier,Déco_bohème_éco_responsable,Suspension_naturelle,Abat-jour_conique_marocain,Luminaire_naturel_salon,Abat-jour_grand_format_ajouré,Suspension_feuille_palmier",Rotin,https://i.etsystatic.com/35406440/r/il/3cd967/6964763719/il_fullxfull.6964763719_aa2f.jpg,https://i.etsystatic.com/35406440/r/il/ec00b6/6916790042/il_fullxfull.6916790042_aouz.jpg,https://i.etsystatic.com/35406440/r/il/13cd75/6916790040/il_fullxfull.6916790040_c3lx.jpg,https://i.etsystatic.com/35406440/r/il/a1938c/6964761677/il_fullxfull.6964761677_t8ba.jpg,https://i.etsystatic.com/35406440/r/il/3d5081/6916790160/il_fullxfull.6916790160_653c.jpg,https://i.etsystatic.com/35406440/r/il/6394e5/6916790140/il_fullxfull.6916790140_2d9b.jpg,https://i.etsystatic.com/35406440/r/il/ce638e/6964761697/il_fullxfull.6964761697_tsg8.jpg,https://i.etsystatic.com/35406440/r/il/942823/6964761681/il_fullxfull.6964761681_84l0.jpg,https://i.etsystatic.com/35406440/r/il/890a50/6964763715/il_fullxfull.6964763715_rnsy.jpg,https://i.etsystatic.com/35406440/r/il/519e64/6964763723/il_fullxfull.6964763723_ss6j.jpg,"Propriété personnalisée",Diamètre,"45 cm,50 cm",,,,,,,
"Suspension cylindrique ajourée en feuilles de palmier – Luminaire naturel bandes tressées – Abat-jour bohème fait main","**PRECOMMANDE - Expédition rapide dès réception**

🌿 Un luminaire au design graphique et naturel
Laissez-vous séduire par cette élégante suspension cylindrique en feuilles de palmier, tressée à la main par des artisans marocains. Son alternance de bandes ajourées et pleines crée un jeu de lumière unique, tout en apportant une touche organique et chaleureuse à votre intérieur.

✨ Polyvalente et décorative
Avec son look épuré et artisanal, cette suspension est idéale pour :
- Une salle à manger naturelle et accueillante
- Un salon au style bohème
- Une chambre apaisante avec des matières brutes
- Une entrée stylisée ou un couloir chaleureux
- Un restaurant ou espace de détente au design authentique

📏 Dimensions approximatives :
- Diamètre  : 20 cm /7,87 pouces - Hauteur : 30 cm / 11,81 pouces
Les dimensions et les couleurs peuvent légèrement varier en raison du travail manuel.

🌍 Artisanat marocain durable et éthique
Chaque suspension est réalisée à la main à partir de feuilles de palmier locales, selon un savoir-faire ancestral transmis de génération en génération. Une belle alternative écologique aux luminaires industriels.

🧼 Conseils d’entretien
- Dépoussiérage à sec ou avec une brosse douce
- Éviter l’humidité prolongée et l’exposition directe au soleil

📦 Livraison rapide en point relais
Une fois votre commande validée, merci de m’indiquer vos coordonnées ainsi que le point relais souhaité pour une expédition rapide. Vous pouvez aussi l’ajouter en commentaire de commande.

💌 Envie d’un tabouret sur mesure ?
Contactez-moi pour choisir vos couleurs ou dimensions personnalisées !",26.53,EUR,2,"Suspension_cylindre_ajourée,Abat-jour_tressé_en_palmier,Luminaire_bohème_naturel,Suspension_marocaine,Suspension_cylindrique_osier,Abat-jour_feuilles_de_palmier,Luminaire_ajouré_fait_main,Suspension_bande_tressée,Déco_plafond_naturelle,Lampe_suspendue_bohème_chic,Abat-jour_cylindrique_ethnique,Suspension_éco_responsable,Luminaire_graphique_naturel",Rotin,https://i.etsystatic.com/35406440/r/il/026e09/6962420213/il_fullxfull.6962420213_f1kc.jpg,https://i.etsystatic.com/35406440/r/il/9a9785/6914448550/il_fullxfull.6914448550_k99r.jpg,https://i.etsystatic.com/35406440/r/il/bff8fb/6962420179/il_fullxfull.6962420179_4s4r.jpg,https://i.etsystatic.com/35406440/r/il/5741ca/6914448588/il_fullxfull.6914448588_yovq.jpg,https://i.etsystatic.com/35406440/r/il/ba3e0d/6962420159/il_fullxfull.6962420159_aah7.jpg,https://i.etsystatic.com/35406440/r/il/ee5c81/6914449752/il_fullxfull.6914449752_tu7x.jpg,https://i.etsystatic.com/35406440/r/il/4a8017/6914449854/il_fullxfull.6914449854_npge.jpg,https://i.etsystatic.com/35406440/r/il/7230e0/6962421483/il_fullxfull.6962421483_8rag.jpg,https://i.etsystatic.com/35406440/r/il/a8a517/6914474672/il_fullxfull.6914474672_i7nv.jpg,,,,,,,,,,,
"Suspension demi-boule ajourée en feuilles de palmier – Abat-jour naturel bandes tressées – Luminaire bohème fait main","**PRECOMMANDE - Expédition rapide dès réception**

🌿 Un jeu d’ombre et de lumière unique
Craquez pour cette suspension artisanale en forme de demi-boule, tressée à la main à partir de feuilles de palmier. Sa particularité ? Un design ajouré rythmé de bandes horizontales tressées, qui diffuse une lumière douce et poétique tout en projetant des motifs graphiques sur vos murs.

✨ Un luminaire décoratif et naturel
Parfait pour une déco bohème, minimaliste ou ethnique chic, cet abat-jour sublimera toutes les pièces de la maison :
- Dans un salon ou au-dessus de la table à manger pour un effet sculptural
- Dans une chambre pour une ambiance apaisante
- Dans une entrée pour une touche naturelle dès l’accueil
- Sur une terrasse couverte ou une véranda

📏 Dimensions approximatives :
- Diamètre  : 30 cm / 11,81 pouces - Hauteur : 20 cm / 7,87 pouces
- Diamètre  : 40 cm / 15,75 pouces - Hauteur : 30 cm / 11,81 pouces
Les dimensions et les couleurs peuvent légèrement varier en raison du travail manuel.

🌍 Artisanat marocain durable et éthique
Chaque suspension est réalisée à la main à partir de feuilles de palmier locales, selon un savoir-faire ancestral transmis de génération en génération. Une belle alternative écologique aux luminaires industriels.

🧼 Conseils d’entretien
- Dépoussiérage à sec ou avec une brosse douce
- Éviter l’humidité prolongée et l’exposition directe au soleil

📦 Livraison rapide en point relais
Une fois votre commande validée, merci de m’indiquer vos coordonnées ainsi que le point relais souhaité pour une expédition rapide. Vous pouvez aussi l’ajouter en commentaire de commande.

💌 Envie d’un tabouret sur mesure ?
Contactez-moi pour choisir vos couleurs ou dimensions personnalisées !",28.4,EUR,4,"Suspension_demi_boule_ajourée,Abat-jour_naturel_tressé,Luminaire_bohème_en_palmier,Suspension_artisanale,Abat-jour_osier_tressé,Lampe_suspendue_bohème_chic,Suspension_éco_responsable,Suspension_feuille_de_palmier,Déco_plafond_naturelle,Luminaire_ajouré_artisanal,Abat-jour_graphique_tressé,Suspension_fait_main_éthique,Lampe_dôme_en_osier_naturel",Rotin,https://i.etsystatic.com/35406440/r/il/53f0b9/6962250223/il_fullxfull.6962250223_7yi2.jpg,https://i.etsystatic.com/35406440/r/il/19852a/6962250389/il_fullxfull.6962250389_1sd5.jpg,https://i.etsystatic.com/35406440/r/il/4243cf/6962250413/il_fullxfull.6962250413_l32b.jpg,https://i.etsystatic.com/35406440/r/il/3c6b6f/6914278040/il_fullxfull.6914278040_2q0q.jpg,https://i.etsystatic.com/35406440/r/il/3eafef/6914278026/il_fullxfull.6914278026_3h6x.jpg,https://i.etsystatic.com/35406440/r/il/f74431/6914278852/il_fullxfull.6914278852_prtj.jpg,https://i.etsystatic.com/35406440/r/il/e097d5/6914278870/il_fullxfull.6914278870_ii8t.jpg,https://i.etsystatic.com/35406440/r/il/7221ef/6962252513/il_fullxfull.6962252513_22jt.jpg,https://i.etsystatic.com/35406440/r/il/561883/6914280106/il_fullxfull.6914280106_aerl.jpg,https://i.etsystatic.com/35406440/r/il/0915af/6914279192/il_fullxfull.6914279192_7uw0.jpg,"Propriété personnalisée",Diamètre,"30 cm,40 cm",,,,,,,
"Suspension demi-boule ajourée en feuille de palmier – Abat-jour bohème naturel tressé à la main – Luminaire artisanal éco-responsable","**PRECOMMANDE - Expédition rapide dès réception**

🌿 Un luminaire aérien et bohème
Ajoutez une touche d’authenticité et de légèreté à votre décoration avec cette suspension ajourée en forme de demi-sphère, entièrement tressée à la main à partir de feuilles de palmier naturelles. Son tressage aéré laisse passer la lumière avec poésie, projetant de jolis motifs lumineux sur les murs et le plafond.

✨ Un design brut et artisanal
Idéal pour un intérieur naturel, bohème, cet abat-jour ajouré attire le regard tout en légèreté. Il trouve parfaitement sa place dans :
- Un salon ou une salle à manger pour une ambiance douce
- Une chambre ou un coin lecture pour une lumière tamisée
- Une terrasse couverte pour un esprit nature et apaisant
- Une entrée ou un couloir pour un effet sculptural

📏 Dimensions approximatives :
- Diamètre  : 30 cm / 11,81 pouces - Hauteur : 20 cm / 7,87 pouces
- Diamètre  : 40 cm / 15,75 pouces - Hauteur : 40 cm / 15,75 pouces
Les dimensions et les couleurs peuvent légèrement varier en raison du travail manuel.

🌍 Artisanat marocain durable et éthique
Chaque suspension est réalisée à la main à partir de feuilles de palmier locales, selon un savoir-faire ancestral transmis de génération en génération. Une belle alternative écologique aux luminaires industriels.

🧼 Conseils d’entretien
- Dépoussiérage à sec ou avec une brosse douce
- Éviter l’humidité prolongée et l’exposition directe au soleil

📦 Livraison rapide en point relais
Une fois votre commande validée, merci de m’indiquer vos coordonnées ainsi que le point relais souhaité pour une expédition rapide. Vous pouvez aussi l’ajouter en commentaire de commande.

💌 Envie d’un tabouret sur mesure ?
Contactez-moi pour choisir vos couleurs ou dimensions personnalisées !",23.86,EUR,7,"Suspension_demi_boule_ajourée,Abat-jour_feuille_de_palmier,Suspension_bohème_naturelle,Luminaire_artisanal_marocain,Abat-jour_en_osier_tressé,Suspension_éco_responsable,Déco_plafond_bohème_chic,Lampe_suspension_en_rotin,Abat-jour_ajouré_en_osier,Luminaire_fait_main,Suspension_feuille_palmier,Abat-jour_bohème_suspendu,Suspension_dôme_ajourée",Rotin,https://i.etsystatic.com/35406440/r/il/d0a538/7232907219/il_fullxfull.7232907219_8uhs.jpg,https://i.etsystatic.com/35406440/r/il/e12f6a/6913947004/il_fullxfull.6913947004_o5er.jpg,https://i.etsystatic.com/35406440/r/il/fd7fc3/6961895569/il_fullxfull.6961895569_id94.jpg,https://i.etsystatic.com/35406440/r/il/06f68c/6961895565/il_fullxfull.6961895565_5zc4.jpg,https://i.etsystatic.com/35406440/r/il/6f3305/6913924286/il_fullxfull.6913924286_naid.jpg,https://i.etsystatic.com/35406440/r/il/d44ac2/6961895539/il_fullxfull.6961895539_sa03.jpg,https://i.etsystatic.com/35406440/r/il/8e1fca/6913924262/il_fullxfull.6913924262_m3bm.jpg,https://i.etsystatic.com/35406440/r/il/2b921e/6961895563/il_fullxfull.6961895563_hf1l.jpg,https://i.etsystatic.com/35406440/r/il/1a8780/6913924498/il_fullxfull.6913924498_2hji.jpg,https://i.etsystatic.com/35406440/r/il/511e5c/6961895759/il_fullxfull.6961895759_lyim.jpg,"Propriété personnalisée",Diamétre,"30 cm,40 cm",,,,,,,
"Suspension ajourée en feuille de palmier – Abat-jour conique tressé à la main – Luminaire bohème naturel artisanal","**PRECOMMANDE - Expédition rapide dès réception**

🌿 Créez une ambiance chaleureuse et authentique
Sublimez votre intérieur avec cette suspension conique ajourée en feuille de palmier, tressée à la main par des artisans marocains. Son design aéré et sa forme en cloche laissent filtrer la lumière pour créer une atmosphère douce et poétique, idéale dans un intérieur bohème, ethnique ou nature.

✨ Un luminaire artisanal et unique
Chaque abat-jour est soigneusement tressé à partir de fibres naturelles, avec des ouvertures qui projettent de magnifiques jeux d’ombres au mur une fois la lumière allumée.
Il trouvera facilement sa place :
- Dans une salle à manger ou au-dessus d’un îlot de cuisine
- En luminaire d’appoint dans un salon cosy ou une chambre douce
- Dans une entrée, pour un accueil chaleureux et original
- Sur une terrasse couverte pour une touche méditerranéenne

📏 Dimensions approximatives :
- Hauteur : 35 cm / 13,78 pouces
- Diamètre  : 45 cm / 17,72 pouces
Les dimensions et les couleurs peuvent légèrement varier en raison du travail manuel.

💡 Douille et câble non inclus, mais compatibles avec tout kit électrique standard.

🌍 Écologique et fait main avec passion
Ce luminaire est conçu en feuilles de palmier séchées, une matière durable, biodégradable et travaillée avec soin selon un savoir-faire ancestral. Chaque pièce est unique, et peut présenter des irrégularités qui font tout son charme.

🧼 Conseils d’entretien
- Dépoussiérer régulièrement avec un plumeau ou un chiffon sec
- Ne pas exposer à une humidité excessive

📦 Livraison rapide en point relais
Une fois votre commande validée, merci de m’indiquer vos coordonnées ainsi que le point relais souhaité pour une expédition rapide. Vous pouvez aussi l’ajouter en commentaire de commande.

💌 Envie d’un tabouret sur mesure ?
Contactez-moi pour choisir vos couleurs ou dimensions personnalisées !",53.2,EUR,2,"Suspension_feuille_de_palmier,Luminaire_tressé_artisanal,Suspension_bohème_naturelle,Abat-jour_osier_ajouré,Suspension_cône_fait_main,Lampe_suspendue_ethnique,Luminaire_marocain_artisanal,Suspension_paille_naturelle,Éclairage_bohème_chic,Déco_plafond_naturelle,Abat-jour_écologique_palmier,Suspension_rotin_esprit_nature,Lampe_plafond_rustique",Rotin,https://i.etsystatic.com/35406440/r/il/d59eeb/6964474791/il_fullxfull.6964474791_3p49.jpg,https://i.etsystatic.com/35406440/r/il/5cf2c4/6916505176/il_fullxfull.6916505176_cns9.jpg,https://i.etsystatic.com/35406440/r/il/45f33a/6964475267/il_fullxfull.6964475267_atuh.jpg,https://i.etsystatic.com/35406440/r/il/2030b2/6964475223/il_fullxfull.6964475223_28hf.jpg,https://i.etsystatic.com/35406440/r/il/6a6d04/6916505082/il_fullxfull.6916505082_pbb0.jpg,https://i.etsystatic.com/35406440/r/il/91a4a4/6964475253/il_fullxfull.6964475253_bpig.jpg,https://i.etsystatic.com/35406440/r/il/e13221/6964476541/il_fullxfull.6964476541_p8qj.jpg,https://i.etsystatic.com/35406440/r/il/99d680/6964476553/il_fullxfull.6964476553_ap0m.jpg,https://i.etsystatic.com/35406440/r/il/a24251/6916506518/il_fullxfull.6916506518_88b2.jpg,,,,,,,,,,,
"Suspension conique ajourée en feuilles de palmier – Abat-jour bohème tressé à la main – Luminaire naturel et graphique","**PRECOMMANDE - Expédition rapide dès réception**

🌿 Un jeu de textures et de lumière unique
Apportez une touche authentique et sculpturale à votre décoration avec cette suspension conique ajourée en feuilles de palmier. Sa forme élégante, élancée et son tressage alterné en bandes pleines et ajourées en font un véritable objet déco tout en finesse et en légèreté.

✨ Un design brut et artisanal
Idéal pour un intérieur naturel, bohème, cet abat-jour ajouré attire le regard tout en légèreté. Il trouve parfaitement sa place dans :
- Un salon ou une salle à manger pour une ambiance douce
- Une chambre ou un coin lecture pour une lumière tamisée
- Une terrasse couverte pour un esprit nature et apaisant
- Une entrée ou un couloir pour un effet sculptural
Les zones ajourées laissent filtrer la lumière pour créer de magnifiques ombres sur vos murs et plafonds, tandis que les parties tressées structurent l’ensemble avec raffinement.

📏 Dimensions approximatives :
- Diamètre  : 20 cm / 7,87pouces - Hauteur : 20 cm / 7,87 pouces
- Diamètre  : 25 cm / 9,84 pouces - Hauteur : 25 cm / 9,84 pouces
Les dimensions et les couleurs peuvent légèrement varier en raison du travail manuel.

🌍 Artisanat marocain durable et éthique
Chaque suspension est réalisée à la main à partir de feuilles de palmier locales, selon un savoir-faire ancestral transmis de génération en génération. Une belle alternative écologique aux luminaires industriels.

🧼 Conseils d’entretien
- Dépoussiérage à sec ou avec une brosse douce
- Éviter l’humidité prolongée et l’exposition directe au soleil

📦 Livraison rapide en point relais
Une fois votre commande validée, merci de m’indiquer vos coordonnées ainsi que le point relais souhaité pour une expédition rapide. Vous pouvez aussi l’ajouter en commentaire de commande.

💌 Envie d’un tabouret sur mesure ?
Contactez-moi pour choisir vos couleurs ou dimensions personnalisées !",26.53,EUR,3,"Suspension_conique_ajourée,Luminaire_feuille_de_palmier,Abat-jour_naturel_bohème,Suspension_tressée_artisanale,Suspension_forme_cône,Luminaire_graphique_ethnique,Suspension_bohème_chic,Abat-jour_ajouré_en_osier,Déco_plafond_naturelle,Suspension_conique_design,Abat-jour_tressé_main,Suspension_en_fibre_naturelle,Lampe_suspendue_déco_éthique",Rotin,https://i.etsystatic.com/35406440/r/il/171593/6915077424/il_fullxfull.6915077424_oucj.jpg,https://i.etsystatic.com/35406440/r/il/2795d2/6915077524/il_fullxfull.6915077524_bwfy.jpg,https://i.etsystatic.com/35406440/r/il/f7c458/6963049551/il_fullxfull.6963049551_oqke.jpg,https://i.etsystatic.com/35406440/r/il/bfb9cc/6915077384/il_fullxfull.6915077384_gho2.jpg,https://i.etsystatic.com/35406440/r/il/c5fa3a/6915077574/il_fullxfull.6915077574_b0w1.jpg,https://i.etsystatic.com/35406440/r/il/49cf21/6915077726/il_fullxfull.6915077726_hrhv.jpg,https://i.etsystatic.com/35406440/r/il/7331f7/6963049725/il_fullxfull.6963049725_mjo7.jpg,https://i.etsystatic.com/35406440/r/il/fdcee7/6915077736/il_fullxfull.6915077736_9hwl.jpg,https://i.etsystatic.com/35406440/r/il/d9e06d/6915077688/il_fullxfull.6915077688_1ftr.jpg,,"Propriété personnalisée",Diamètre,"20 cm,25 cm",,,,,,,
"Trophée Mural Tête de Taureau en Paille Tressée - Décoration Murale Bohème Artisanale - Sculpture Animale Naturelle","**PRECOMMANDE - Expédition rapide dès réception**

Apportez une touche authentique et naturelle à votre intérieur avec cette superbe tête de taureau en paille tressée à la main. Son design artisanal unique et sa texture en fibres naturelles en font une pièce de décoration murale exceptionnelle, parfaite pour une ambiance bohème, rustique, ethnique ou même scandinave.

🌿 Une décoration murale originale et captivante
- Idéale pour : Embellir un salon, une chambre, une entrée accueillante ou un bureau. Elle crée un point focal artistique et chaleureux.
- Style polyvalent : Parfaite pour insuffler un esprit campagne chic, bohème, méditerranéen ou ajouter une touche d'originalité à votre décor.
- Pièce maîtresse artisanale : Une œuvre d'art qui attire l’œil, donne du caractère et une âme à votre intérieur, reflétant un savoir-faire ancestral.

✨ Artisanat authentique et matériaux 100% naturels
Chaque trophée mural est fabriqué à la main avec du palmier tressé, un matériau durable et écologique. Cela rend chaque pièce absolument unique, avec ses légères variations de teinte, de texture et de forme, témoignant du travail manuel et de l'authenticité du produit.

📏 Dimensions approximatives :
- Largeur : 20cm / 7,87 pouces
- Hauteur : 20 cm / 7,87 pouces

📦 Livraison en point relais
Dès validation de votre commande, merci de me transmettre vos coordonnées ainsi que le point relais souhaité pour une expédition rapide. Vous pouvez également ajouter ces informations dans les commentaires de votre commande.

Vous souhaitez une autre taille ou un modèle sur mesure ? Contactez-moi ! 😊",35,EUR,12,"Trophée_mural,Tête_de_taureau,Paille_tressée,Décoration_bohème,Artisanat_marocain,Décoration_murale,Fibre_naturelle,Sculpture_animale,Style_rustique,Déco_ethnique,Fait_main,Cadeau_original,Décoration_intérieure","Bois,Métal",https://i.etsystatic.com/35406440/r/il/f5ba92/7011030262/il_fullxfull.7011030262_s6de.jpg,https://i.etsystatic.com/35406440/r/il/8c9911/6974073838/il_fullxfull.6974073838_n9lo.jpg,https://i.etsystatic.com/35406440/r/il/17ca7c/7022057255/il_fullxfull.7022057255_ofct.jpg,https://i.etsystatic.com/35406440/r/il/68de16/7022057245/il_fullxfull.7022057245_bc6a.jpg,https://i.etsystatic.com/35406440/r/il/b2a74e/7022057409/il_fullxfull.7022057409_gb2p.jpg,,,,,,,,,,,,,,,
"Suspension Conique Feuille de Palmier - Abat-jour Artisanal Naturel - Luminaire Bohème Fait Main","**PRECOMMANDE - Expédition rapide dès réception**

🌿 Un luminaire naturel et chaleureux pour une ambiance unique
Apportez authenticité et caractère à votre décoration intérieure avec cette magnifique suspension en forme de cône plein, entièrement tressée à la main à partir de feuilles de palmier séchées. Sa silhouette épurée et sa texture brute en font une pièce maîtresse qui s'intègre harmonieusement dans n’importe quelle pièce, diffusant une lumière douce et invitante.

✨ Un luminaire artisanal polyvalent et écologique
Avec sa silhouette douce et sa matière brute, cette suspension s’adapte à toutes les pièces et tous les styles :
- Salle à manger : Positionnée au-dessus d’une table, elle crée un effet cocon et convivial, idéal pour les repas en famille ou entre amis.
- Salon ou coin lecture : Elle offre une lumière tamisée et naturelle, parfaite pour des moments de détente et de sérénité.
- Entrée ou chambre : Ajoute une touche décorative éthique et chaleureuse, accueillant vos invités ou créant une atmosphère apaisante pour le repos.
- Terrasse couverte : Pour un extérieur au charme bohème et méditerranéen (attention : éviter le contact direct avec la pluie pour préserver le matériau).

📏 Dimensions approximatives
- Hauteur : 30 cm / 11,81 pouces & Diamètre  : 30 cm / 11,81 pouces
- Hauteur : 40 cm / 15,75 pouces & Diamètre  : 40 cm / 15,75 pouces
Les dimensions et les couleurs peuvent légèrement varier en raison du travail manuel.

💡 Douille et câble non inclus, mais compatibles avec tout kit électrique standard.

🌍 Un produit éthique et fait main
Chaque suspension est réalisée artisanalement au Maroc, selon un savoir-faire ancestral. Les feuilles de palmier utilisées sont locales, biodégradables et durables. Une vraie alternative écologique aux luminaires industriels.

🧼 Conseils d’entretien
- Dépoussiérer avec un chiffon sec ou une brosse douce
- Éviter l’humidité prolongée et le plein soleil direct

📦 Livraison rapide en point relais
Une fois votre commande validée, merci de m’indiquer vos coordonnées ainsi que le point relais souhaité pour une expédition rapide. Vous pouvez aussi l’ajouter en commentaire de commande.

💌 Envie d’un tabouret sur mesure ?
Contactez-moi pour choisir vos couleurs ou dimensions personnalisées !",34,EUR,8,"Suspension_luminaire,Feuille_de_palmier,Fait_main,Abat-jour_artisanal,Luminaire_bohème,Décoration_naturelle,Artisanat_marocain,Suspension_conique,Éclairage_intérieur,Style_ethnique,Fibre_naturelle,Cadeau_unique,Déco_durable",Rotin,https://i.etsystatic.com/35406440/r/il/3ecd6c/7144845236/il_fullxfull.7144845236_snic.jpg,https://i.etsystatic.com/35406440/r/il/efb705/6916654624/il_fullxfull.6916654624_qi62.jpg,https://i.etsystatic.com/35406440/r/il/99cb03/6916651024/il_fullxfull.6916651024_etdm.jpg,https://i.etsystatic.com/35406440/r/il/364b4f/6964620943/il_fullxfull.6964620943_4ity.jpg,https://i.etsystatic.com/35406440/r/il/1667ce/6964620891/il_fullxfull.6964620891_7vr6.jpg,https://i.etsystatic.com/35406440/r/il/556146/6916651054/il_fullxfull.6916651054_aui9.jpg,https://i.etsystatic.com/35406440/r/il/fa709e/6916651070/il_fullxfull.6916651070_d25e.jpg,https://i.etsystatic.com/35406440/r/il/1dbda1/6916652690/il_fullxfull.6916652690_abyf.jpg,https://i.etsystatic.com/35406440/r/il/37d2e1/6964622545/il_fullxfull.6964622545_jdtw.jpg,https://i.etsystatic.com/35406440/r/il/96546e/6916652642/il_fullxfull.6916652642_jjar.jpg,"Propriété personnalisée",Diamètre,"30 cm,40 cm",,,,,,,
"Suspension bohème en feuilles de palmier – Lampe ajourée frangée","**PRECOMMANDE - Expédition rapide dès réception**

🌿 Une suspension naturelle pour une ambiance douce et chaleureuse
Apportez un charme bohème irrésistible à votre intérieur avec cette suspension en feuilles de palmier tressées, entièrement réalisée à la main. Son tressage ajouré laisse filtrer une lumière douce, chaude et enveloppante, tandis que ses franges légères créent un mouvement naturel pour une ambiance vivante et apaisante.

✨ Un luminaire artisanal polyvalent et éco-responsable
Avec sa silhouette douce et sa matière brute, cette suspension s’adapte harmonieusement à toutes les pièces de votre maison :
- Salle à manger : Accrochée au-dessus d’une table, elle crée un effet cocon et convivial, idéal pour les repas en famille ou entre amis.
- Salon ou coin lecture : Elle offre une lumière douce et naturelle, parfaite pour des moments de détente et de sérénité.
- Entrée ou chambre : Ajoute une touche décorative éthique et chaleureuse, accueillant vos invités ou créant une atmosphère propice au repos.
- Terrasse couverte : Pour un extérieur au charme bohème et méditerranéen (attention : éviter le contact direct avec la pluie pour préserver le matériau).

📏 Dimensions approximatives (Diamètre)
- Diamètre  : 30 cm / 11,81 pouces - Hauteur : 20 cm / 7,87 pouces
- Diamètre  : 40 cm / 15,75 pouces - Hauteur : 40 cm / 15,75 pouces
Les dimensions et les couleurs peuvent légèrement varier en raison du travail manuel.

💡 Douille et câble non inclus, mais compatibles avec tout kit électrique standard.

🌍 Un produit éthique et fait main
Chaque suspension est réalisée artisanalement au Maroc, selon un savoir-faire ancestral. Les feuilles de palmier utilisées sont locales, biodégradables et durables. Une vraie alternative écologique aux luminaires industriels.

🧼 Conseils d’entretien
- Dépoussiérer avec un chiffon sec ou une brosse douce
- Éviter l’humidité prolongée et le plein soleil direct

📦 Livraison rapide en point relais
Une fois votre commande validée, merci de m’indiquer vos coordonnées ainsi que le point relais souhaité pour une expédition rapide. Vous pouvez aussi l’ajouter en commentaire de commande.

💌 Envie d’un tabouret sur mesure ?
Contactez-moi pour choisir vos couleurs ou dimensions personnalisées !",23.86,EUR,16,"Suspension_luminaire,Feuille_de_palmier,Fait_main,Abat-jour_artisanal,Luminaire_bohème,Décoration_naturelle,Artisanat_marocain,Suspension_demi-boule,Éclairage_intérieur,Style_ethnique,Fibre_naturelle,Cadeau_unique,Déco_durable",Rotin,https://i.etsystatic.com/35406440/r/il/628876/7377202200/il_fullxfull.7377202200_ohe3.jpg,https://i.etsystatic.com/35406440/r/il/22f1c7/7377201290/il_fullxfull.7377201290_991s.jpg,https://i.etsystatic.com/35406440/r/il/a38283/7377201304/il_fullxfull.7377201304_4ab1.jpg,https://i.etsystatic.com/35406440/r/il/21811a/7425124245/il_fullxfull.7425124245_7x01.jpg,https://i.etsystatic.com/35406440/r/il/1d6626/7425124243/il_fullxfull.7425124243_7uf4.jpg,https://i.etsystatic.com/35406440/r/il/38a5a0/7377201306/il_fullxfull.7377201306_acra.jpg,https://i.etsystatic.com/35406440/r/il/8047bf/7377201374/il_fullxfull.7377201374_ka3k.jpg,https://i.etsystatic.com/35406440/r/il/48aaad/7425124241/il_fullxfull.7425124241_620i.jpg,https://i.etsystatic.com/35406440/r/il/a2ba2a/7425124295/il_fullxfull.7425124295_dms2.jpg,,"Propriété personnalisée",Diamétre,"30cm,40cm,50cm",,,,,,,
"Berber Pattern Fabric – Moroccan Upholstery Textile – Thick Woven Fabric by the Yard – 6 Colors Available – Width 1,45 m","**PRECOMMANDE - Expédition rapide dès réception**

🌿 Un tissu berbère au charme authentique et intemporel

Apportez une touche artisanale et bohème à vos créations avec ce superbe tissu à motifs berbères géométriques. Inspiré des traditions marocaines, ce textile allie esthétique, caractère et qualité grâce à son tissage épais et ses motifs graphiques emblématiques.

Disponible en plusieurs couleurs élégantes (blanc, bleu, gris clair, gris foncé, rouge et vert), il s’adapte à tous vos projets déco, créatifs ou les projets DIY.

✨Un tissu polyvalent et décoratif
Ce tissu est idéal pour de nombreuses utilisations :
- Confection de coussins et housses décoratives
- Création de sacs et accessoires
- Revêtement de mobilier (chaises, bancs, poufs)
- Plaids ou jetés de lit
- Rideaux ou tentures murales bohèmes

Sa texture robuste et ses motifs distinctifs en font un choix parfait pour une décoration chaleureuse et tendance.

🎨 6 coloris disponibles
- Blanc : épuré et lumineux
- Bleu : frais et élégant
- Gris clair : doux et moderne
- Gris foncé : profond et contemporain
- Rouge : chaleureux et vibrant
- Vert : naturel et apaisant

🧼Entretien facile : Nettoyage à sec recommandé pour préserver la richesse du tissu.

📦 Livraison rapide en point relais
Une fois votre commande validée, merci de m’indiquer vos coordonnées ainsi que le point relais souhaité pour une expédition rapide. Vous pouvez aussi l’ajouter en commentaire de commande.

💌 Envie d’un tabouret sur mesure ?
Contactez-moi pour choisir vos couleurs ou dimensions personnalisées !",24,EUR,18,"berber_fabric,boho_fabric,moroccan_textile,geometric_fabric,upholstery_fabric,bohemian_fabric,pattern_fabric,woven_fabric,fabric_by_the_yard,ethnic_fabric,decor_fabric,thick_fabric,artisan_textile",Tissu,https://i.etsystatic.com/35406440/r/il/15bd2c/7827100228/il_fullxfull.7827100228_je16.jpg,https://i.etsystatic.com/35406440/r/il/939b0a/7827099656/il_fullxfull.7827099656_kk1v.jpg,https://i.etsystatic.com/35406440/r/il/0e801a/7875048057/il_fullxfull.7875048057_gdgi.jpg,https://i.etsystatic.com/35406440/r/il/075b21/7875048077/il_fullxfull.7875048077_5vly.jpg,https://i.etsystatic.com/35406440/r/il/9a8c08/7875048061/il_fullxfull.7875048061_iagi.jpg,https://i.etsystatic.com/35406440/r/il/a15d33/7827099692/il_fullxfull.7827099692_rfom.jpg,,,,,Couleur,"Couleur principale","Gris foncé,Gris clair,Bleu,Blanc,Vert,Rouge",Longueur,Longueur,"1,2,3,4,5,6,7,8,9,10",,,,
"Woven Palm Leaf Laundry Basket - Large Storage Basket with Lid, Boho Style Handmade","**PRE-ORDER - Fast shipping upon receipt**

Bring a warm and authentic touch to your home with this Moroccan palm leaf storage basket, handwoven by local artisans. Its tall rectangular design, practical lid, and natural texture make it a truly unique decorative element, perfect for a boho, natural, or rustic interior.

🌿 Versatile and decorative
With its simple lines and large volume, this basket offers numerous possibilities of use:
- Laundry basket for the bathroom or bedroom
- Storage for toys in a child's room
- Chest of blankets or cushions in the living room
- Entryway storage basket for scarves, bags, shoes
- Aesthetic keepsake chest or storage box for any type of object

Equipped with side handles, it is easy to transport. Its woven lid, fitted with a natural wicker closure, ensures discreet and elegant storage.

✨ Sustainable and natural storage
Crafted from locally sourced palm leaves and woven entirely by hand, this basket is a sustainable and aesthetically pleasing alternative to plastic. Each piece is unique, with subtle variations in texture and color that reflect its artisanal authenticity.

📏 Approximate dimensions:
- Length x Width: 40 cm x 45 cm / 15.75 inches x 17.72 inches
- Height: 50 cm / 19.68 inches

Dimensions and colors may vary slightly due to manual work.

📦 Fast delivery to a relay point
Once your order is confirmed, please provide me with your contact information and the preferred pick-up point for expedited shipping. You can also add it to your order comment.

💌 Want a custom-made stool?
Contact me to choose your custom colors or dimensions!",58.53,EUR,4,"wicker_storage_trunk,wicker_chest,wicker_storage_basket,boho_storage,rattan_storage_trunk,woven_storage_chest,moroccan_basket,bohemian_home_decor,natural_fiber_decor,blanket_storage_box,toy_storage_basket,laundry_storage_basket",Osier,https://i.etsystatic.com/35406440/r/il/305d04/6901869824/il_fullxfull.6901869824_o253.jpg,https://i.etsystatic.com/35406440/r/il/0f4467/6949837919/il_fullxfull.6949837919_a7d6.jpg,https://i.etsystatic.com/35406440/r/il/84d927/6949834603/il_fullxfull.6949834603_cn38.jpg,https://i.etsystatic.com/35406440/r/il/e2892b/6949835041/il_fullxfull.6949835041_8w60.jpg,https://i.etsystatic.com/35406440/r/il/cd95ae/6901863474/il_fullxfull.6901863474_cleb.jpg,https://i.etsystatic.com/35406440/r/il/4d6616/6901863462/il_fullxfull.6901863462_j72t.jpg,https://i.etsystatic.com/35406440/r/il/b7577e/6949836519/il_fullxfull.6949836519_6pdk.jpg,https://i.etsystatic.com/35406440/r/il/410632/6949838733/il_fullxfull.6949838733_brll.jpg,https://i.etsystatic.com/35406440/r/il/2e9aba/6949845399/il_fullxfull.6949845399_54d8.jpg,https://i.etsystatic.com/35406440/r/il/8a0b4d/6901866536/il_fullxfull.6901866536_cchx.jpg,,,,,,,,,,
"Sac fourre-tout marocain en paille à sequins tissés à la main - Panier de plage et de marché à sequins colorés avec poignées en cuir","**PRECOMMANDE - Expédition rapide dès réception**

🌿 Un sac cabas artisanal aux mille éclats
Craquez pour ce superbe sac en paille tressée à la main, entièrement brodé de sequins colorés qui captent la lumière à chaque mouvement. Véritable bijou d’artisanat marocain, il est à la fois pratique, résistant et unique en son genre. Ses anses solides en cuir véritable cousues à la main lui assurent un confort optimal pour une utilisation quotidienne ou en vacances.

✨ Un cabas chic, coloré et fonctionnel
Ce sac est le compagnon idéal pour toutes vos escapades :
- À la plage : spacieux et stylé, il accueille serviettes, crèmes et lecture
- En ville : une touche bohème et pétillante à toutes vos tenues
- Pour le marché : pratique et léger, il vous suit partout
- En décoration : sublime comme rangement pour des plaids, coussins ou magazines
Il est doublé d’un filet avec fermeture à cordon pour garder vos affaires en sécurité.

📏 Dimensions approximatives :
Largeur: 45 cm / 17,71 pouces
Hauteur: 30 cm / 11,81 pouces
Chaque pièce étant unique, de légères variations sont possibles.

🧵 Un savoir-faire traditionnel au service du style
Chaque pièce est réalisée à la main au Maroc avec amour et précision. Le tressage en feuilles de palmier, la broderie de sequins et les finitions en cuir en font un accessoire à la fois éthique, durable et irrésistible.

🧼 Conseil d’entretien : Nettoyer délicatement avec un chiffon sec ou légèrement humide. Ne pas immerger.

📦 Livraison rapide en point relais
Une fois votre commande validée, merci de m’indiquer vos coordonnées ainsi que le point relais souhaité pour une expédition rapide. Vous pouvez aussi l’ajouter en commentaire de commande.

💌 Envie d’un tabouret sur mesure ?
Contactez-moi pour adapter ce panier selon vos envies !",60.4,EUR,3,"sac_cabas_en_paille,sac_paille_sequins,panier_plage_bohème,sac_paille_sequins_colorés,sac_artisanal_marocain,sac_en_paille_anses_cuir,panier_de_plage_chic,sac_bohème_été,sac_à_paillettes_fait_main,Cadeaux_pour_elle,Panier_à_paillettes,Sac_de_plage_bohéme,Sac_paille_scintillant","Peau de vache,Paille,Rotin",https://i.etsystatic.com/35406440/r/il/7109c0/7058104116/il_fullxfull.7058104116_67if.jpg,https://i.etsystatic.com/35406440/r/il/fa5551/7106058295/il_fullxfull.7106058295_euyg.jpg,https://i.etsystatic.com/35406440/r/il/ff528f/7106058283/il_fullxfull.7106058283_ltrt.jpg,https://i.etsystatic.com/35406440/r/il/96b3c3/7058104256/il_fullxfull.7058104256_e4m1.jpg,https://i.etsystatic.com/35406440/r/il/40e2bd/7058104176/il_fullxfull.7058104176_oof8.jpg,https://i.etsystatic.com/35406440/r/il/d22ca4/7106058297/il_fullxfull.7106058297_1hby.jpg,https://i.etsystatic.com/35406440/r/il/23572e/7058104246/il_fullxfull.7058104246_ojfg.jpg,https://i.etsystatic.com/35406440/r/il/db2d2f/7058104252/il_fullxfull.7058104252_7rvp.jpg,,,,,,,,,,,,
"Suspension en Feuille de Palmier - Luminaire Naturel Bohème - Abat-jour Artisanal Osier Fait Main","**PRECOMMANDE - Expédition rapide dès réception**

🌿 Une suspension élégante et chaleureuse pour une ambiance douce
Apportez une atmosphère douce et naturelle à votre intérieur avec cette magnifique suspension, entièrement tressée à la main à partir de feuilles de palmier. Son tressage dense et régulier diffuse une lumière chaleureuse et tamisée, créant une ambiance apaisante, parfaite pour un intérieur bohème, minimaliste, méditerranéen ou scandinave.

✨ Un luminaire artisanal polyvalent et éco-responsable
Avec sa silhouette douce et sa matière brute, cette suspension s’adapte harmonieusement à toutes les pièces de votre maison :
- Salle à manger : Accrochée au-dessus d’une table, elle crée un effet cocon et convivial, idéal pour les repas en famille ou entre amis.
- Salon ou coin lecture : Elle offre une lumière douce et naturelle, parfaite pour des moments de détente et de sérénité.
- Entrée ou chambre : Ajoute une touche décorative éthique et chaleureuse, accueillant vos invités ou créant une atmosphère propice au repos.
- Terrasse couverte : Pour un extérieur au charme bohème et méditerranéen (attention : éviter le contact direct avec la pluie pour préserver le matériau).

📏 Dimensions approximatives (Diamètre)
- 30 cm / 11,81 pouces
- 40 cm / 15,75 pouces
- 50 cm / 19,68 pouces
Les dimensions et les couleurs peuvent légèrement varier en raison du travail manuel.

💡 Douille et câble non inclus, mais compatibles avec tout kit électrique standard.

🌍 Un produit éthique et fait main
Chaque suspension est réalisée artisanalement au Maroc, selon un savoir-faire ancestral. Les feuilles de palmier utilisées sont locales, biodégradables et durables. Une vraie alternative écologique aux luminaires industriels.

🧼 Conseils d’entretien
- Dépoussiérer avec un chiffon sec ou une brosse douce
- Éviter l’humidité prolongée et le plein soleil direct

📦 Livraison rapide en point relais
Une fois votre commande validée, merci de m’indiquer vos coordonnées ainsi que le point relais souhaité pour une expédition rapide. Vous pouvez aussi l’ajouter en commentaire de commande.

💌 Envie d’un tabouret sur mesure ?
Contactez-moi pour choisir vos couleurs ou dimensions personnalisées !",40.5,EUR,10,"Suspension_luminaire,Feuille_de_palmier,Fait_main,Abat-jour_artisanal,Luminaire_bohème,Décoration_naturelle,Artisanat_marocain,Suspension_demi-boule,Éclairage_intérieur,Style_ethnique,Fibre_naturelle,Cadeau_unique,Déco_durable",Rotin,https://i.etsystatic.com/35406440/r/il/9b4fc9/7928435250/il_fullxfull.7928435250_8r30.jpg,https://i.etsystatic.com/35406440/r/il/afc64e/7928434486/il_fullxfull.7928434486_kra4.jpg,https://i.etsystatic.com/35406440/r/il/d0deb9/7928434516/il_fullxfull.7928434516_ebyg.jpg,https://i.etsystatic.com/35406440/r/il/683c74/7976390737/il_fullxfull.7976390737_lx0n.jpg,https://i.etsystatic.com/35406440/r/il/ac2df9/7976390715/il_fullxfull.7976390715_7gtm.jpg,https://i.etsystatic.com/35406440/r/il/f7191d/7928434530/il_fullxfull.7928434530_igel.jpg,,,,,"Propriété personnalisée",Diamétre,"30cm,40cm,50cm",,,,,,,
"Suspension conique ajourée en paille – Abat-jour naturel tressé en feuille de palmier","**PRECOMMANDE - Expédition rapide dès réception**

🌿 Un luminaire tout en légèreté
Craquez pour cette suspension en forme de cône ajouré, soigneusement tressée à la main à partir de feuilles de palmier naturelles. Son tressage aéré permet une diffusion douce et poétique de la lumière, créant une atmosphère chaleureuse et apaisante dans n’importe quelle pièce de la maison.

✨ Un luminaire décoratif et naturel
Parfait pour une déco bohème, minimaliste ou ethnique chic, cet abat-jour sublimera toutes les pièces de la maison :
- Dans un salon ou au-dessus de la table à manger pour un effet sculptural
- Dans une chambre pour une ambiance apaisante
- Dans une entrée pour une touche naturelle dès l’accueil
- Sur une terrasse couverte ou une véranda

📏 Dimensions approximatives :
- Diamètre  : 25 cm / 9,84 pouces - Hauteur : 35 cm / 13,77 pouces
Les dimensions et les couleurs peuvent légèrement varier en raison du travail manuel.

🌍 Artisanat marocain durable et éthique
Chaque suspension est réalisée à la main à partir de feuilles de palmier locales, selon un savoir-faire ancestral transmis de génération en génération. Une belle alternative écologique aux luminaires industriels.

🧼 Conseils d’entretien
- Dépoussiérage à sec ou avec une brosse douce
- Éviter l’humidité prolongée et l’exposition directe au soleil

📦 Livraison rapide en point relais
Une fois votre commande validée, merci de m’indiquer vos coordonnées ainsi que le point relais souhaité pour une expédition rapide. Vous pouvez aussi l’ajouter en commentaire de commande.

💌 Envie d’un tabouret sur mesure ?
Contactez-moi pour choisir vos couleurs ou dimensions personnalisées !",23.86,EUR,10,"Suspension_en_paille,Luminaire_bohème,Abat-jour_en_fibres_naturelles,Suspension_artisanale,Déco_bohème_chic,Éclairage_naturel,Suspension_tressée_à_la_main,Luminaire_en_rotin,Lampe_en_feuilles_de_palmier,Décoration_écoresponsable,Luminaire_fait_main,Suspension_Dôme,Boule_de_suspension",Rotin,https://i.etsystatic.com/35406440/r/il/51f326/7255584621/il_fullxfull.7255584621_nyqi.jpg,https://i.etsystatic.com/35406440/r/il/49ec2b/7297298194/il_fullxfull.7297298194_hmoc.jpg,https://i.etsystatic.com/35406440/r/il/37adf6/7255582883/il_fullxfull.7255582883_je3y.jpg,https://i.etsystatic.com/35406440/r/il/90971c/7207610854/il_fullxfull.7207610854_to0l.jpg,https://i.etsystatic.com/35406440/r/il/3779cb/7207610848/il_fullxfull.7207610848_kncu.jpg,https://i.etsystatic.com/35406440/r/il/ac1619/7207610836/il_fullxfull.7207610836_g0s3.jpg,https://i.etsystatic.com/35406440/r/il/94203d/7207610866/il_fullxfull.7207610866_deaf.jpg,https://i.etsystatic.com/35406440/r/il/fe3773/7207610994/il_fullxfull.7207610994_kwxg.jpg,https://i.etsystatic.com/35406440/r/il/156376/7255583071/il_fullxfull.7255583071_d1r4.jpg,,,,,,,,,,,
"Tabouret Marocain Artisanal en Bois d'Eucalyptus - Esprit Bohème","**Tabouret artisanal en bois de citronnier**  

Ce tabouret, entièrement fabriqué à la main, est conçu en bois de citronnier avec une assise tressée en feuilles de palmier ou en corde kaki, 100 % naturel et respectueux de l’environnement. 

### Un objet polyvalent et authentique :  
- Idéal comme tabouret enfant, bas ou haut, il apportera une touche bohème et naturelle à votre décoration.  
- Solide et pratique, il peut également servir de marchepied ou de porte-plante.  
- Parfait dans une chambre, une salle de bain ou un salon.  

### Dimensions disponibles :  
- Hauteur 30 cm / Largeur 30x30 cm  

*Veuillez noter :*  
En raison de la fabrication artisanale, les dimensions peuvent varier légèrement. Les imperfections et irrégularités rendent chaque pièce unique et n'altèrent en rien leur solidité. Le bois, étant un matériau naturel, peut présenter des fissures ou des branches légèrement courbées, renforçant son caractère authentique.  

**Option :** Des patins en feutre peuvent être ajoutés pour un ajustement optimal.  

### Livraison en point relais : 
Dès que vous avez passé votre commande, merci de me transmettre vos coordonnées et de préciser le point relais souhaité pour une expédition rapide. Vous pouvez également mentionner ces informations dans les commentaires de votre commande. (Pensez à vérifier vos spams afin de ne pas manquer mes messages.)

### Contact :  
Pour toute question avant votre commande, n’hésitez pas à me contacter. Je réponds rapidement et avec plaisir !  

Ajoutez une touche d’authenticité et de charme naturel à votre intérieur avec ce tabouret unique. 🌿",39.9,EUR,4,"Tabouret_marocain,Siège_artisanal,Tabouret_bohème,Meuble_ethnique,Tabouret_en_bois,Tabouret_paille_corde,Petit_tabouret_déco,Tabouret_rustique,Tabouret_naturel,Tabouret_berbère,Tabouret_enfant_bois,Meuble_dappoint_bohème,Tabouret_tressé_main","Osier naturel,Bois,Corde",https://i.etsystatic.com/35406440/r/il/547c2d/7272976361/il_fullxfull.7272976361_c82z.jpg,https://i.etsystatic.com/35406440/r/il/fa2588/6529817550/il_fullxfull.6529817550_tvdi.jpg,https://i.etsystatic.com/35406440/r/il/859b67/6577869893/il_fullxfull.6577869893_cv56.jpg,https://i.etsystatic.com/35406440/r/il/08fbb8/6529748948/il_fullxfull.6529748948_7zoc.jpg,https://i.etsystatic.com/35406440/r/il/9e52f2/6577946941/il_fullxfull.6577946941_3cx8.jpg,https://i.etsystatic.com/35406440/r/il/2d30d9/6529752502/il_fullxfull.6529752502_95d3.jpg,https://i.etsystatic.com/35406440/r/il/2f0b0b/6577872397/il_fullxfull.6577872397_rldz.jpg,https://i.etsystatic.com/35406440/r/il/590bdf/6577872505/il_fullxfull.6577872505_sthi.jpg,https://i.etsystatic.com/35406440/r/il/f41860/6529750680/il_fullxfull.6529750680_blns.jpg,https://i.etsystatic.com/35406440/r/il/74c02d/6529750862/il_fullxfull.6529750862_ner4.jpg,Couleur,"Couleur principale","Jaune,Vert",,,,,,,
"Sac fourre-tout marocain en paille à sequins colorés tissés à la main - Panier de plage et de marché à sequins colorés avec anses en cuir","**PRECOMMANDE - Expédition rapide dès réception**

🌿 Un sac cabas artisanal aux mille éclats
Craquez pour ce superbe sac en paille tressée à la main, entièrement brodé de sequins colorés qui captent la lumière à chaque mouvement. Véritable bijou d’artisanat marocain, il est à la fois pratique, résistant et unique en son genre. Ses anses solides en cuir véritable cousues à la main lui assurent un confort optimal pour une utilisation quotidienne ou en vacances.

✨ Un cabas chic, coloré et fonctionnel
Ce sac est le compagnon idéal pour toutes vos escapades :
- À la plage : spacieux et stylé, il accueille serviettes, crèmes et lecture
- En ville : une touche bohème et pétillante à toutes vos tenues
- Pour le marché : pratique et léger, il vous suit partout
- En décoration : sublime comme rangement pour des plaids, coussins ou magazines
Il est doublé d’un filet avec fermeture à cordon pour garder vos affaires en sécurité.

📏 Dimensions approximatives :
Largeur: 50 cm / 19,68 pouces
Hauteur: 30 cm / 11,81 pouces
Chaque pièce étant unique, de légères variations sont possibles.

🧵 Un savoir-faire traditionnel au service du style
Chaque pièce est réalisée à la main au Maroc avec amour et précision. Le tressage en feuilles de palmier, la broderie de sequins et les finitions en cuir en font un accessoire à la fois éthique, durable et irrésistible.

🧼 Conseil d’entretien : Nettoyer délicatement avec un chiffon sec ou légèrement humide. Ne pas immerger.

📦 Livraison rapide en point relais
Une fois votre commande validée, merci de m’indiquer vos coordonnées ainsi que le point relais souhaité pour une expédition rapide. Vous pouvez aussi l’ajouter en commentaire de commande.

💌 Envie d’un tabouret sur mesure ?
Contactez-moi pour adapter ce panier selon vos envies !",54.4,EUR,2,"sac_paille_sequins,panier_bohème_chic,sac_marocain_artisanal,cabas_paille_femme,sac_été_coloré,panier_tressé_main,sac_cuir_et_paille,sac_plage_bohème,sac_brodé_coloré,panier_mode_été,sac_cabas_marocain,sac_éco_responsable,panier_marché_femme","Peau de vache,Paille,Rotin",https://i.etsystatic.com/35406440/r/il/47cdfc/7450240481/il_fullxfull.7450240481_e261.jpg,https://i.etsystatic.com/35406440/r/il/03e35c/7107271491/il_fullxfull.7107271491_qjp1.jpg,https://i.etsystatic.com/35406440/r/il/90f3ef/7059317792/il_fullxfull.7059317792_gcxp.jpg,https://i.etsystatic.com/35406440/r/il/68fc4e/7059317802/il_fullxfull.7059317802_ntyx.jpg,https://i.etsystatic.com/35406440/r/il/d0f3a3/7059317774/il_fullxfull.7059317774_20v5.jpg,https://i.etsystatic.com/35406440/r/il/f9c3c2/7107271677/il_fullxfull.7107271677_kip0.jpg,https://i.etsystatic.com/35406440/r/il/28760d/7059318036/il_fullxfull.7059318036_6v6b.jpg,https://i.etsystatic.com/35406440/r/il/c19dde/7107271675/il_fullxfull.7107271675_f725.jpg,https://i.etsystatic.com/35406440/r/il/f62d7f/7059318024/il_fullxfull.7059318024_tjd8.jpg,https://i.etsystatic.com/35406440/r/il/ccd798/7059317790/il_fullxfull.7059317790_jss6.jpg,,,,,,,,,,
"Malles de rangement en osier – Petite taille, grand style","**PRECOMMANDE - Expédition rapide dès réception**
Apportez une touche naturelle et bohème à votre intérieur avec cette jolie malle de rangement, tressée à la main par des artisans marocains à partir de feuilles de palmier 100 % naturelles. Écologique et biodégradable, elle est à la fois pratique et décorative.

### Polyvalence et Style
Avec son design authentique, cette malle de rangement s’adapte à différents usages et pièces de la maison :
- Rangement pour jouets dans une chambre d’enfant
- Accessoire pratique sur la table à langer de bébé
- Boîte de rangement pour petits objets dans le salon ou la salle de bain
- Élément déco bohème dans une chambre

Elle est dotée d’un bouton d’accroche sur le devant et d’une anse sur le dessus, facilitant son transport.

### Une alternative naturelle et durable
Fabriquée à partir de matériaux naturels, cette malle constitue une alternative écologique et durable aux rangements classiques en plastique. Chaque pièce étant réalisée à la main, de légères variations de taille et de couleur peuvent survenir, rendant chaque exemplaire unique.

### Dimensions (approximatives) :
Largeur: 25 cm
Hauteur: 20 cm

### Livraison en point relais :
Une fois votre commande validée, je vous contacterai pour choisir votre point relais préféré. Vous pouvez aussi l’indiquer en commentaire de commande.

Ajoutez une touche d’artisanat authentique à votre décoration tout en optant pour un rangement pratique et esthétique !

Besoin de dimensions ou de modèles spécifiques ? N’hésitez pas à me contacter.",20,EUR,5,"Malle_de_rangement_en_osier,Boîte_de_rangement_naturelle,Panier_tressé_à_la_main,Malle_artisanale_marocaine,Rangement_écoresponsable,Coffre_en_feuilles_de_palmier,Malle_déco_bohème,Rangement_écologique_maison,Accessoire_déco_en_osier,Boîte_tressée_avec_couvercle,Artisanat_marocain_fait_main,Coffre_de_rangement_enfant,Petit_meuble_de_rangement",Osier,https://i.etsystatic.com/35406440/r/il/2abeaf/6553002536/il_fullxfull.6553002536_1kor.jpg,https://i.etsystatic.com/35406440/r/il/eedc51/6601116765/il_fullxfull.6601116765_3n82.jpg,https://i.etsystatic.com/35406440/r/il/953649/6601116763/il_fullxfull.6601116763_sdm3.jpg,https://i.etsystatic.com/35406440/r/il/c0691c/6601116575/il_fullxfull.6601116575_r0vu.jpg,https://i.etsystatic.com/35406440/r/il/47f402/6601116605/il_fullxfull.6601116605_nhcs.jpg,https://i.etsystatic.com/35406440/r/il/95f8f3/6553002498/il_fullxfull.6553002498_a717.jpg,https://i.etsystatic.com/35406440/r/il/d58732/6601116613/il_fullxfull.6601116613_acu2.jpg,,,,,,,,,,,,,
"Lot de miroirs artisanaux marocains dorés – 7 designs au choix pour une déco élégante et unique","**PRECOMMANDE – Expédition rapide dès réception**
Apportez une touche lumineuse, élégante et bohème à votre intérieur avec ces magnifiques miroirs artisanaux en laiton doré. Réalisés à la main par des artisans marocains, ils se déclinent en plusieurs formes et modèles pour composer une décoration murale unique et pleine de caractère.

✨ Des lots personnalisables à partir de 3 miroirs
Composez votre propre assortiment à partir de 3 miroirs minimum, en choisissant parmi 7 formes différentes. Ces lots sont parfaits pour créer une composition murale sur-mesure, adaptée à votre style et à votre espace.

🌟 7 Modèles de Miroirs Artisanaux – Des Formes Variées pour Tous les Styles
- Miroir Goutte
- Miroir Œil allongé
- Miroir Fenêtre
- Miroir Cœur
- Miroir Rond
- Miroir Carré
- Miroir Losange

📏 Dimensions approximatives (cadre inclus - Hauteur x Largeur)
- Miroir Goutte : 25 cm x 20 cm / 9,84 pouces x 7,87 pouces
- Miroir Œil allongé : 25 cm x 20 cm / 9,84 pouces x 7,87 pouces
- Miroir Fenêtre : 25 cm x 20 cm / 9,84 pouces x 7,87 pouces
- Miroir Cœur : 25 cm x 20 cm / 9,84 pouces x 7,87 pouces
- Miroir Rond (Diamètre) : 25 cm / 9,84 pouces
- Miroir Carré : 20 cm x 20 cm / 7,87 pouces x 7,87 pouces
- Miroir Losange : 25 cm x 20 cm / 9,84 pouces x 7,87 pouces

Chaque miroir étant fait main, de légères différences peuvent apparaître, rendant chaque miroir unique.

🌿 Une décoration élégante et unique
Ces miroirs s’intègrent parfaitement dans différents styles de décoration grâce à leur design polyvalent :
- Ambiance bohème chic : Accrochez-les au mur pour une déco chaleureuse et authentique, parfaite dans un salon, une chambre ou une entrée.
- Décoration de table : Placez-les sur une console ou une table basse pour refléter la lumière et sublimer vos objets déco.
- Collection murale : Associez plusieurs modèles pour créer une composition murale originale et personnalisée.

Leur cadre doré martelé illumine n’importe quelle pièce et apporte une touche d’éclat subtile et raffinée.

✨ Un savoir-faire artisanal
Chaque miroir est soigneusement façonné à la main par des artisans marocains expérimentés, utilisant des techniques ancestrales. Le cadre en laiton doré est légèrement martelé, ce qui donne une texture unique et irrégulière à chaque pièce, garantissant un rendu authentique et artisanal.

🧼 Conseils d’entretien
Le laiton peut s’oxyder légèrement avec le temps ou l’humidité. Pour conserver son éclat, nettoyez-le délicatement avec un chiffon doux et un produit adapté aux métaux.

📦 Livraison en point relais
Dès que vous avez passé votre commande, merci de me transmettre vos coordonnées et de préciser le point relais souhaité pour une expédition rapide. Vous pouvez également mentionner ces informations dans les commentaires de votre commande. (Pensez à vérifier vos spams afin de ne pas manquer mes messages.)

Ajoutez une touche d’artisanat authentique à votre décoration tout en optant pour un rangement pratique et esthétique !

Besoin de dimensions ou de modèles spécifiques ? N’hésitez pas à me contacter.",46,EUR,12,"lot_miroirs_muraux_dorés,miroirs_muraux_dorés,miroirs_artisanaux_laiton,décoration_murale_dorée,miroirs_bohème_chic,miroirs_marocains_muraux,miroirs_en_laiton_doré,ensemble_miroirs_déco_murale,miroirs_dorés_style_bohème,déco_murale_artisanale,miroirs_faits_main_Maroc,miroirs_vintage_laiton,lot_miroirs_muraux","Verre,Cuivre doré,Laiton doré,Cuivre,Laiton",https://i.etsystatic.com/35406440/r/il/6698e2/6604789159/il_fullxfull.6604789159_t5ht.jpg,https://i.etsystatic.com/35406440/r/il/0b1a55/6604789127/il_fullxfull.6604789127_s2t8.jpg,https://i.etsystatic.com/35406440/r/il/6c5fc6/6556665126/il_fullxfull.6556665126_7yo8.jpg,https://i.etsystatic.com/35406440/r/il/304bec/6604789153/il_fullxfull.6604789153_ffbx.jpg,https://i.etsystatic.com/35406440/r/il/277d45/6556669548/il_fullxfull.6556669548_1fbt.jpg,https://i.etsystatic.com/35406440/r/il/67feb7/6604791335/il_fullxfull.6604791335_11j3.jpg,https://i.etsystatic.com/35406440/r/il/1d91ee/6556667230/il_fullxfull.6556667230_ynqa.jpg,https://i.etsystatic.com/35406440/r/il/eeb239/6556667234/il_fullxfull.6556667234_qssl.jpg,https://i.etsystatic.com/35406440/r/il/d02265/6604791345/il_fullxfull.6604791345_8p1w.jpg,https://i.etsystatic.com/35406440/r/il/b0c49c/6604789813/il_fullxfull.6604789813_reoh.jpg,"Propriété personnalisée",Lot,"3,4,5,6,7",,,,,,,
"Panier artisanal berbère marocain avec couvercle – en jonc de mer – Élégance naturelle et style bohème – Couleur noire","**PRECOMMANDE - Expédition rapide dès réception**

Craquez pour ce magnifique panier en jonc de mer tissé à la main et décoré de laine, conçu avec soin dans un petit atelier familial à Marrakech. Ce panier allie authenticité, charme et fonctionnalité pour s’adapter à tous vos besoins de rangement.

### Polyvalent et Pratique
Son couvercle, joliment orné d’un pompon en laine, protège vos objets de la poussière tout en ajoutant une touche déco unique. Utilisez-le comme :
- Rangement pour accessoires (bijoux, cosmétiques, petits objets)
- Corbeille à papier originale pour le bureau
- Organiseur dans l’entrée, la chambre ou la salle de bain
- Boîte à souvenirs ou petits trésors

### Une déco bohème et responsable
Grâce à sa teinte naturelle et son design épuré, ce panier s’intègre harmonieusement dans un intérieur au style bohème, minimaliste ou scandinave. Confectionné avec des matériaux naturels, il constitue une alternative durable aux rangements en plastique.

### Dimensions (approximatives) :
- Hauteur totale : 22 cm
- Diamètre : 18 cm
- Couleurs : Naturel, noire

### Ce panier est également disponible en couleur or/blanc :
https://www.etsy.com/fr/listing/1840726360/panier-artisanal-berbere-marocain-avec?click_key=8aecd594244fedea7fc4db36b7a575425c55b035%3A1840726360&click_sum=a7b233ad&ref=shop_home_active_9&frs=1

Chaque pièce raconte une histoire unique, grâce à des détails faits main qui les rendent vraiment spéciales. Les petites variations de couleur ou de texture témoignent de leur authenticité et de leur caractère.

### Livraison en point relais :
Dès que vous avez passé votre commande, merci de me transmettre vos coordonnées et de préciser le point relais souhaité pour une expédition rapide. Vous pouvez également mentionner ces informations dans les commentaires de votre commande. (Pensez à vérifier vos spams afin de ne pas manquer mes messages.)

Ajoutez une touche de charme marocain à votre décoration de table tout en soutenant le travail d’artisans passionnés. Ces sets de table sont parfaits pour un usage quotidien ou pour recevoir vos invités avec style !

Besoin de mesures spécifiques ? N'hésitez pas à me contacter.",13.7,EUR,2,"Panier_artisanal_marocain,Panier_en_jonc_de_mer,Panier_tissé_à_la_main,Panier_bohème_chic,Panier_avec_couvercle,Panier_ethnique_déco,Rangement_naturel,Panier_berbère_fait_main,Panier_avec_pompon,Décoration_style_marocain,Artisanat_équitable,Rangement_écologique,Panier_rustique_et_chic","Osier,Laine",https://i.etsystatic.com/35406440/r/il/0dc7b4/6598151051/il_fullxfull.6598151051_8orh.jpg,https://i.etsystatic.com/35406440/r/il/ee17f7/6598150899/il_fullxfull.6598150899_sm2t.jpg,https://i.etsystatic.com/35406440/r/il/3d5d79/6598150925/il_fullxfull.6598150925_1v47.jpg,https://i.etsystatic.com/35406440/r/il/f25b6b/6598150937/il_fullxfull.6598150937_j051.jpg,https://i.etsystatic.com/35406440/r/il/363231/6598150919/il_fullxfull.6598150919_rahp.jpg,https://i.etsystatic.com/35406440/r/il/fa2a07/6550031092/il_fullxfull.6550031092_qocb.jpg,https://i.etsystatic.com/35406440/r/il/fe64ef/6550031014/il_fullxfull.6550031014_gav4.jpg,,,,Hauteur,Hauteur,"22,12",,,,,,,
"Panier artisanal berbère marocain avec couvercle – en jonc de mer – Élégance naturelle et style bohème – Couleur or blanc","**PRECOMMANDE - Expédition rapide dès réception**

Craquez pour ce magnifique panier en jonc de mer tissé à la main et décoré de laine, conçu avec soin dans un petit atelier familial à Marrakech. Ce panier allie authenticité, charme et fonctionnalité pour s’adapter à tous vos besoins de rangement.  

### Polyvalent et Pratique  
Son couvercle, joliment orné d’un pompon en laine, protège vos objets de la poussière tout en ajoutant une touche déco unique. Utilisez-le comme :  
- Rangement pour accessoires (bijoux, cosmétiques, petits objets)  
- Corbeille à papier originale pour le bureau  
- Organiseur dans l’entrée, la chambre ou la salle de bain  
- Boîte à souvenirs ou petits trésors  

### Une déco bohème et responsable  
Grâce à sa teinte naturelle et son design épuré, ce panier s’intègre harmonieusement dans un intérieur au style bohème, minimaliste ou scandinave. Confectionné avec des matériaux naturels, il constitue une alternative durable aux rangements en plastique.  

### Dimensions (approximatives) :  
- Hauteur totale : 22 cm  
- Diamètre : 18 cm  
- Couleurs : Naturel, or et blanc  

### Ce panier est également disponible en couleur noire :
https://www.etsy.com/fr/listing/1840737604/panier-artisanal-berbere-marocain-avec?click_key=ef9ef42156252e5f9643984df7b4dcb137fecc6c%3A1840737604&click_sum=f02d6b48&ref=shop_home_active_8&frs=1

Chaque pièce raconte une histoire unique, grâce à des détails faits main qui les rendent vraiment spéciales. Les petites variations de couleur ou de texture témoignent de leur authenticité et de leur caractère.

### Livraison en point relais :
Dès que vous avez passé votre commande, merci de me transmettre vos coordonnées et de préciser le point relais souhaité pour une expédition rapide. Vous pouvez également mentionner ces informations dans les commentaires de votre commande. (Pensez à vérifier vos spams afin de ne pas manquer mes messages.)

Ajoutez une touche de charme marocain à votre décoration de table tout en soutenant le travail d’artisans passionnés. Ces sets de table sont parfaits pour un usage quotidien ou pour recevoir vos invités avec style !

Besoin de mesures spécifiques ? N'hésitez pas à me contacter.",13.7,EUR,2,"Panier_artisanal_marocain,Panier_en_jonc_de_mer,Panier_tissé_à_la_main,Panier_bohème_chic,Panier_avec_couvercle,Panier_ethnique_déco,Rangement_naturel,Panier_berbère_fait_main,Panier_avec_pompon,Décoration_style_marocain,Artisanat_équitable,Rangement_écologique,Panier_rustique_et_chic","Osier,Laine,Fils dorés",https://i.etsystatic.com/35406440/r/il/ed0bbc/6598054489/il_fullxfull.6598054489_6ofb.jpg,https://i.etsystatic.com/35406440/r/il/9fa5d7/6598054487/il_fullxfull.6598054487_6rz0.jpg,https://i.etsystatic.com/35406440/r/il/864032/6598054165/il_fullxfull.6598054165_d4vm.jpg,https://i.etsystatic.com/35406440/r/il/5c78e9/6598054167/il_fullxfull.6598054167_5c10.jpg,https://i.etsystatic.com/35406440/r/il/228c74/6598054147/il_fullxfull.6598054147_l4v5.jpg,https://i.etsystatic.com/35406440/r/il/e0ba76/6598054155/il_fullxfull.6598054155_6z7y.jpg,https://i.etsystatic.com/35406440/r/il/9729fd/6598054481/il_fullxfull.6598054481_3cs8.jpg,https://i.etsystatic.com/35406440/r/il/287310/6598054127/il_fullxfull.6598054127_1igs.jpg,https://i.etsystatic.com/35406440/r/il/3b3f87/6598054145/il_fullxfull.6598054145_lkaz.jpg,https://i.etsystatic.com/35406440/r/il/113015/6598054473/il_fullxfull.6598054473_2yh3.jpg,Hauteur,Hauteur,"22,12",,,,,,,
"Trophée mural tête d'éléphant en paille tressée – Déco bohème et artisanale","**PRECOMMANDE - Expédition rapide dès réception**
Apportez une touche authentique et naturelle à votre intérieur avec cette superbe tête d'éléphant en paille tressée à la main. Son design artisanal et sa texture en fibres naturelles en font une pièce de décoration unique, parfaite pour une ambiance bohème, rustique ou ethnique.

🌿 Une décoration murale originale
- Idéale pour une décoration murale dans un salon, une chambre ou une entrée.
- Parfaite pour créer un esprit campagne chic, bohème ou méditerranéen.
- Une pièce artisanale qui attire l’œil et donne du caractère à votre intérieur.

✨ Artisanat et matériaux naturels
Chaque trophée mural est fabriqué à la main avec du palmier tressé, rendant chaque pièce unique avec ses légères variations de teinte et de texture.

📏 Dimensions approximatives :
- Largeur : 30cm / 11,81 pouces
- Hauteur : 40 cm / 15,74 pouces

📦 Livraison en point relais
Dès validation de votre commande, merci de me transmettre vos coordonnées ainsi que le point relais souhaité pour une expédition rapide. Vous pouvez également ajouter ces informations dans les commentaires de votre commande.

Vous souhaitez une autre taille ou un modèle sur mesure ? Contactez-moi ! 😊",35,EUR,1,"Déco_bohème,Artisanat_marocain,Suspension_murale,Décoration_naturelle,Déco_ethnique,Objet_en_fibres_naturelles,Tête_déléphant_déco,Tête_déléphant_en_paille,Esprit_campagne_chic,Décoration_murale_rustique,Trophée_animal_en_paille,Déco_écoresponsable,Trophée_de_mur",Paille,https://i.etsystatic.com/35406440/r/il/6acb5e/6973914538/il_fullxfull.6973914538_kbeg.jpg,https://i.etsystatic.com/35406440/r/il/17b28a/7021898471/il_fullxfull.7021898471_jw3w.jpg,https://i.etsystatic.com/35406440/r/il/e7a4bf/7021898465/il_fullxfull.7021898465_qzzx.jpg,https://i.etsystatic.com/35406440/r/il/26a2d0/7021898351/il_fullxfull.7021898351_15dx.jpg,https://i.etsystatic.com/35406440/r/il/670a67/7021898441/il_fullxfull.7021898441_r3yl.jpg,https://i.etsystatic.com/35406440/r/il/b5e36b/7021898401/il_fullxfull.7021898401_l9xq.jpg,https://i.etsystatic.com/35406440/r/il/d470ce/6973914698/il_fullxfull.6973914698_rjlq.jpg,,,,,,,,,,,,,
"Openwork conical palm leaf pendant light – Natural woven straw lampshade","**PRE-ORDER - Fast shipping upon receipt**

🌿 A light fixture
Fall in love with this openwork cone-shaped pendant light, carefully hand-woven from natural palm leaves. Its airy weave allows for a soft and poetic diffusion of light, creating a warm and soothing atmosphere in any room of the house.

✨ A decorative and natural light fixture
Perfect for boho, minimalist or ethnic chic decor, this lampshade will enhance any room in the house:
- In a living room or above the dining table for a sculptural effect
- In a bedroom for a soothing atmosphere
- In an entrance for a natural touch upon arrival
- On a covered terrace or veranda

📏 Approximate dimensions
- Diameter: 25 cm / 9.84 inches - Height: 35 cm / 13.77 inches
- Diameter: 35 cm / 13.77 inches - Height: 40 cm / 15.74 inches
Dimensions and colors may vary slightly due to manual work.

🌍 Sustainable and ethical Moroccan craftsmanship
Each pendant light is handmade from local palm leaves, using ancestral know-how passed down from generation to generation. A beautiful, eco-friendly alternative to industrial lighting.

🧼 Maintenance tips
- Dusting dry or with a soft brush
- Avoid prolonged humidity and direct exposure to sunlight

📦 Fast delivery to a relay point
Once your order is confirmed, please provide me with your contact information and the preferred pick-up point for expedited shipping. You can also add it to your order comment.

💌 Want a custom-made stool?
Contact me to choose your custom colors or dimensions!",23.86,EUR,14,"Suspension_palmier,Abat-jour_bohème,Luminaire_naturel,Déco_ethnique_chic,Fait_main_Maroc,Éclairage_artisanal,Lampe_paille,Design_écologique,Décoration_intérieure,Cadeau_unique,Fibre_naturelle,Suspension_tressée,Lumière_douce",Rotin,https://i.etsystatic.com/35406440/r/il/3205ab/8495948869/il_fullxfull.8495948869_28to.jpg,https://i.etsystatic.com/35406440/r/il/85d244/8495945995/il_fullxfull.8495945995_5zy4.jpg,https://i.etsystatic.com/35406440/r/il/8ddd8e/8495945991/il_fullxfull.8495945991_c876.jpg,https://i.etsystatic.com/35406440/r/il/cac4bd/8448132758/il_fullxfull.8448132758_s24p.jpg,https://i.etsystatic.com/35406440/r/il/12711d/8448087696/il_fullxfull.8448087696_npec.jpg,,,,,,"Propriété personnalisée",Diamètre,"25 cm,35 cm",,,,,,,
"Applique Murale Raphia Fait Main - Décoration Murale Bohème Chic Naturelle - Abat-jour Suspendu Artisanat Marocain","**PRECOMMANDE - Expédition rapide dès réception**

🌿 Apportez une touche d'authenticité et de sérénité à votre intérieur avec cette magnifique applique murale en raphia, minutieusement tissée à la main par des artisans au Maroc. Idéale pour une décoration bohème, ethnique ou naturelle, cette pièce unique allie savoir-faire artisanal et design épuré.

✨ Un luminaire polyvalent pour chaque espace
Parfaite comme lampe murale pour une chambre, une entrée accueillante, un salon chaleureux ou même une terrasse couverte. Elle s'harmonise splendidement avec des éléments en bois, du lin, ou des matières brutes, créant une ambiance douce et apaisante.

💡 Caractéristiques artisanales et naturelles :
- Fabrication artisanale unique : Chaque applique est une œuvre d'art, tissée à la main au Maroc, garantissant une pièce exclusive et pleine de caractère.
- Matériau 100% naturel : Conçue à partir de raphia pur, issu des feuilles de palmier, pour un rendu authentique et organique qui respecte l'environnement.
- Structure robuste : Dotée d'un cadre en métal solide, elle assure une durabilité exceptionnelle et un maintien parfait une fois installée au mur.
- Ambiance lumineuse douce : Le tressage délicat du raphia diffuse une lumière tamisée, projetant des ombres subtiles qui créent une atmosphère cosy et invitante.

📏 Dimensions approximatives (hauteur x largeur x profondeur) : 
- 50 × 25 × 16,5 cm / 19,68 x 9,84 x 6,49 pouces

Chaque pièce est unique et peut présenter de légères variations de forme ou de couleur, propres à l’artisanat manuel.

Installation facile : Vendue sans kit électrique – il suffit de glisser votre câble à travers l’ouverture prévue. Compatible uniquement avec des ampoules LED 💡.

📦 Livraison en point relais
Dès validation de votre commande, merci de me transmettre vos coordonnées ainsi que le point relais souhaité pour une expédition sans attente. Vous pouvez aussi mentionner ces informations dans les commentaires de votre commande.

💌 Personnalisation possible
Vous souhaitez une autre taille ou un modèle particulier ? N'hésitez pas à me contacter !",53.2,EUR,2,"Applique_murale,Raphia,Fait_main,Décoration_bohème,Luminaire_naturel,Abat-jour_suspendu,Artisanat_marocain,Lampe_murale,Déco_ethnique,Style_scandinave,Fibre_naturelle,Éclairage_intérieur,Cadeau_unique","Métal,Rotin",https://i.etsystatic.com/35406440/r/il/d81c10/7011306242/il_fullxfull.7011306242_2v4k.jpg,https://i.etsystatic.com/35406440/r/il/31f0a9/7171255310/il_fullxfull.7171255310_jnip.jpg,https://i.etsystatic.com/35406440/r/il/d77474/7059277945/il_fullxfull.7059277945_q666.jpg,https://i.etsystatic.com/35406440/r/il/549973/7059277947/il_fullxfull.7059277947_dr5l.jpg,https://i.etsystatic.com/35406440/r/il/ce8846/7011299642/il_fullxfull.7011299642_ab4a.jpg,https://i.etsystatic.com/35406440/r/il/e7935d/7059277941/il_fullxfull.7059277941_piut.jpg,https://i.etsystatic.com/35406440/r/il/cfd883/7059277929/il_fullxfull.7059277929_qvtw.jpg,https://i.etsystatic.com/35406440/r/il/12f1c6/7059279583/il_fullxfull.7059279583_he9c.jpg,https://i.etsystatic.com/35406440/r/il/cfaeb9/7011301280/il_fullxfull.7011301280_30qw.jpg,,,,,,,,,,,
"Décoration Murale Phases de Lune en Laiton - Art Mural Bohème Minimaliste - Tenture Murale Dorée Fait Main - Cadeau Unique","**PRECOMMANDE - Expédition rapide dès réception**

Apportez une touche céleste et élégante à votre intérieur avec cette magnifique décoration murale en laiton représentant les phases de la lune. Chaque pièce est méticuleusement fabriquée à la main, offrant un design minimaliste et bohème qui s'intègre parfaitement dans tout espace moderne ou scandinave.

🌿 Polyvalente et décorative
Idéale pour le salon, la chambre ou comme cadeau unique et raffiné pour un anniversaire ou toute occasion spéciale. Cet art mural doré en laiton est une véritable tenture murale qui captivera tous les regards.

Chaque pièce est unique et peut présenter de subtiles variations de teinte ou de forme, témoignant de sa fabrication artisanale.

📏 Dimensions approximatives :
- Hauteur : 45 cm / 17,7165 pouces
- Largeur : 8 cm / 3,14 pouces

📦 Livraison rapide en point relais
Une fois votre commande validée, merci de m’indiquer vos coordonnées ainsi que le point relais souhaité pour une expédition rapide. Vous pouvez aussi l’ajouter en commentaire de commande.

💌 Envie d’un tabouret sur mesure ?
Contactez-moi pour avoir des photos supplémentaires ou dimensions personnalisées !",55,EUR,1,"Décoration_murale_laiton,Phases_de_lune_déco,Art_mural_bohème,Décoration_minimaliste,Tenture_murale_dorée,Fait_main_laiton,Cadeau_unique,Décoration_intérieure,Art_céleste,Suspension_murale,Design_scandinave,Artisanat_laiton,Objet_mural_lune",Laiton,https://i.etsystatic.com/35406440/r/il/5044b5/7176292370/il_fullxfull.7176292370_j12b.jpg,https://i.etsystatic.com/35406440/r/il/10698e/7224270565/il_fullxfull.7224270565_132f.jpg,https://i.etsystatic.com/35406440/r/il/6d7bae/7176282216/il_fullxfull.7176282216_8p0g.jpg,https://i.etsystatic.com/35406440/r/il/957b66/7176283936/il_fullxfull.7176283936_ges3.jpg,https://i.etsystatic.com/35406440/r/il/9c3609/7224272595/il_fullxfull.7224272595_htmt.jpg,https://i.etsystatic.com/35406440/r/il/b9697c/7176283960/il_fullxfull.7176283960_ech7.jpg,https://i.etsystatic.com/35406440/r/il/e6ea5e/7176283934/il_fullxfull.7176283934_n29p.jpg,https://i.etsystatic.com/35406440/r/il/f78fda/7224272585/il_fullxfull.7224272585_90hj.jpg,https://i.etsystatic.com/35406440/r/il/6c1701/7224272749/il_fullxfull.7224272749_amru.jpg,https://i.etsystatic.com/35406440/r/il/4eaca1/7176283964/il_fullxfull.7176283964_73cy.jpg,,,,,,,,,,
"Suspension parasol en raphia ajourée tressé à la main","**PRECOMMANDE - Expédition rapide dès réception**

Apportez une touche d’exotisme, de légèreté et d’élégance naturelle à votre intérieur avec cette magnifique suspension en raphia tressé à la main. 🌿 Inspirée de l’artisanat marocain, chaque pièce est unique et confectionnée avec soin à partir de fibres de palmier tressées, pour un rendu à la fois aérien et sculptural.

💡 Son design ajouré et ondulé crée de superbes jeux de lumière et d’ombres sur vos murs et plafonds, transformant votre espace en un cocon chaleureux au style bohème chic.

🧵 Détails de la suspension :
- Artisanat fait main : chaque suspension est soigneusement tressée à la main par des artisans marocains.
- Forme organique et ajourée pour un rendu unique et moderne
- Facile à installer : une ouverture au sommet permet de glisser facilement le câble ( vendu sans système électrique – ampoules LED uniquement recommandées)
- Conseils d’entretien : dépoussiérage léger avec un chiffon sec ou une brosse douce

📏 Dimensions approximatives (diamètre X hauteur) : 
- 60 cm x 20 cm / 23,62  x 7,87 pouces
- 80 cm x 20 cm / 31,49 x 7,87 pouces
- 100 cm x 20 cm / 39,37 x 7,87 pouces

Chaque pièce est unique et peut présenter de légères variations de forme ou de couleur, propres à l’artisanat manuel.

📦 Livraison en point relais
Dès validation de votre commande, merci de me transmettre vos coordonnées ainsi que le point relais souhaité pour une expédition sans attente. Vous pouvez aussi mentionner ces informations dans les commentaires de votre commande.

💌 Personnalisation possible
Vous souhaitez une autre taille ou un modèle particulier ? N'hésitez pas à me contacter !",78.14,EUR,5,"Luminaire_bohème,Luminaire_en_fibres_naturelles,Abat-jour_tressé_main,éclairage_en_raphia,abat-jour_en_raphia,Lampe_à_suspension_en_raphia,Suspension_ajourée_raphia,Cadeau_décoration_maison,suspension_raphia_XXL,suspension_marocaine,suspension_artisanale,déco_bohème_chic,abat-jour_métal_naturel","Métal,Rotin",https://i.etsystatic.com/35406440/r/il/4892f3/7116814451/il_fullxfull.7116814451_a6mw.jpg,https://i.etsystatic.com/35406440/r/il/56b0e6/7061001192/il_fullxfull.7061001192_to7j.jpg,https://i.etsystatic.com/35406440/r/il/1134a9/7061000862/il_fullxfull.7061000862_7myo.jpg,https://i.etsystatic.com/35406440/r/il/cc33f1/7061000790/il_fullxfull.7061000790_gm37.jpg,https://i.etsystatic.com/35406440/r/il/05af7d/7061000838/il_fullxfull.7061000838_3sbb.jpg,https://i.etsystatic.com/35406440/r/il/e8e26c/7108955553/il_fullxfull.7108955553_ifwq.jpg,https://i.etsystatic.com/35406440/r/il/b982a0/7061000810/il_fullxfull.7061000810_oj8q.jpg,https://i.etsystatic.com/35406440/r/il/1ffb0a/7108955495/il_fullxfull.7108955495_ctbr.jpg,,,Largeur,Largeur,"60,80,100",,,,,,,
"Panier à linge artisanal en palmier – Rangement rond naturel et bohème","**PRECOMMANDE - Expédition rapide dès réception**

🌿 Un rangement naturel et authentique
Optez pour ce panier de rangement rond en feuille de palmier, entièrement tressé à la main par des artisans marocains. Sa forme originale et sa matière naturelle en font un objet à la fois pratique et décoratif, parfait pour une ambiance bohème, épurée ou éco-responsable.

✨ Un accessoire polyvalent
Ce panier peut être utilisé dans de nombreux espaces de la maison :
- Panier à linge : esthétique et léger, il trouve sa place dans une salle de bain ou une chambre.
- Coffre de rangement : pour les jouets, plaids ou accessoires divers.
- Objet déco : sa forme circulaire et son tressage brut lui donnent une vraie présence dans une entrée, un salon ou une chambre.

📏 Dimensions approximatives
- Panier moyen (Hauteur x Diamètre) : 38cm x 35cm / 14,96 pouces x 13,78 pouces
- Grand Panier (Hauteur x Diamètre) : 55cm x 38cm / 21,65 pouces x 14,96 pouces

Sa capacité généreuse et son design peu encombrant en font un rangement pratique au quotidien.✨

🌍 Une pièce artisanale et durable
Tressée en feuilles de palmier naturelles, cette malle est à la fois résistante, légère et respectueuse de l’environnement. Chaque panier est unique et peut présenter de petites irrégularités qui font tout le charme du fait main.

🧼 Conseils d’entretien
Dépoussiérez régulièrement avec un chiffon sec ou légèrement humide pour préserver sa beauté naturelle.

📦 Livraison en point relais
Dès validation de votre commande, merci de me transmettre vos coordonnées ainsi que le point relais souhaité pour une expédition sans attente. Vous pouvez aussi mentionner ces informations dans les commentaires de votre commande.

💌 Personnalisation possible
Vous souhaitez une autre taille ou un modèle particulier ? N'hésitez pas à me contacter !",34,EUR,10,"PanierDeRangement,DécoBohème,PanierÀLingeNaturel,ArtisanatMarocain,RangementÉcoResponsable,FeuillesDePalmier,PanierTresséMain,DécoNaturelle,CoffreDeRangement,RangementBohème,PanierOsierRond,AccessoireMaisonÉthique,RangementZéroDéchet",Osier,https://i.etsystatic.com/35406440/r/il/4a97af/6924530833/il_fullxfull.6924530833_iyu0.jpg,https://i.etsystatic.com/35406440/r/il/920b3b/6876547426/il_fullxfull.6876547426_pcjq.jpg,https://i.etsystatic.com/35406440/r/il/12dd99/6876550060/il_fullxfull.6876550060_1e8v.jpg,https://i.etsystatic.com/35406440/r/il/d9a449/6876551750/il_fullxfull.6876551750_g839.jpg,https://i.etsystatic.com/35406440/r/il/7bb47a/6876551848/il_fullxfull.6876551848_aqjg.jpg,https://i.etsystatic.com/35406440/r/il/e3e235/6924528093/il_fullxfull.6924528093_7mwb.jpg,https://i.etsystatic.com/35406440/r/il/dc1702/6924528637/il_fullxfull.6924528637_siek.jpg,https://i.etsystatic.com/35406440/r/il/0a97ee/6924526641/il_fullxfull.6924526641_aw3x.jpg,https://i.etsystatic.com/35406440/r/il/1e7918/6924529239/il_fullxfull.6924529239_hxzq.jpg,https://i.etsystatic.com/35406440/r/il/d6752a/6876548932/il_fullxfull.6876548932_lbjx.jpg,Hauteur,Hauteur,"55,38",,,,,,,
"Pochette bohème en tissu berbère – Artisanale, déclinée en bleu et vert","**PRECOMMANDE - Expédition rapide dès réception**
🌿 Ajoutez une touche bohème à votre style
Adoptez cette pochette bohème en tissu berbère, un accessoire authentique et raffiné, entièrement fabriqué à la main. Son tissage artisanal et ses motifs ethniques lui confèrent une allure unique, parfaite pour sublimer votre quotidien avec une note d’élégance marocaine. Déclinée en bleu et vert, elle s’adapte à vos envies et à votre style.

✨ Un accessoire chic et polyvalent
Cette pochette artisanale est idéale pour :
- Votre quotidien : Rangez facilement vos essentiels (téléphone, clés, maquillage, etc.).
- Voyager léger : Son format compact en fait une alliée parfaite pour transporter vos indispensables.
- Un cadeau unique : Offrez un objet chargé d’histoire et de savoir-faire.
- Une touche ethnique tendance : Son design berbère ajoute du caractère à toutes vos tenues.

📏 Format pratique
Ses dimensions idéales de 26 cm x 19 cm sont parfaites pour ranger vos cosmétiques, accessoires de voyage ou petits objets du quotidien avec élégance et facilité.

🌍 Une création artisanale et responsable
Chaque pochette est tissée à la main, ce qui rend chaque pièce unique. Son textile berbère est le fruit d’un savoir-faire ancestral, transmis de génération en génération, garantissant authenticité et qualité.

🧼 Conseils d’entretien
Pour préserver son éclat et sa beauté, privilégiez un nettoyage à sec.

📦 Livraison rapide en point relais
Dès validation de votre commande, merci de me transmettre vos coordonnées ainsi que le point relais souhaité pour une expédition sans attente. Vous pouvez également préciser ces informations dans les commentaires de votre commande.

💌 Personnalisation disponible
Vous souhaitez une autre couleur ou une taille différente ? Contactez-moi pour une création sur mesure ! 😊",17.13,EUR,2,"PochetteArtisanale,ArtisanatMarocain,Tissuberbère,Pochettebohème,Pochetteethnique,Accessoiremarocain,Troussemaquillage,Cadeauartisanal,AccessoireFémininChic,ModeEthniqueChic,Idéecadeauoriginale,Pochettefaitmain,Pochettebleueverte","Brocard velours",https://i.etsystatic.com/35406440/r/il/d509aa/7044029337/il_fullxfull.7044029337_8enx.jpg,https://i.etsystatic.com/35406440/r/il/44434b/6750140552/il_fullxfull.6750140552_7w9s.jpg,https://i.etsystatic.com/35406440/r/il/70b3c2/6750140424/il_fullxfull.6750140424_ca9y.jpg,https://i.etsystatic.com/35406440/r/il/b15780/6798159389/il_fullxfull.6798159389_ovod.jpg,https://i.etsystatic.com/35406440/r/il/f4e25a/6750150064/il_fullxfull.6750150064_tmgw.jpg,https://i.etsystatic.com/35406440/r/il/b798c8/6750140402/il_fullxfull.6750140402_6s35.jpg,https://i.etsystatic.com/35406440/r/il/f04a6d/6798159241/il_fullxfull.6798159241_j647.jpg,https://i.etsystatic.com/35406440/r/il/545f29/6750140414/il_fullxfull.6750140414_4618.jpg,https://i.etsystatic.com/35406440/r/il/16d2f0/6750140400/il_fullxfull.6750140400_rw40.jpg,,Couleur,"Couleur principale","Bleu,Vert",,,,,,,
